message;severity;node;stamp;location
"Lookahead point: 0.72, -0.39";"20";"ppo_training_node";"1761259549.059737427";"/home/ROS/ros_ws/install/ppo_training/lib/python3.10/site-packages/ppo_training/env_wrapper.py:compute_lookahead:279"
"Lookahead point: 0.72, -0.39";"20";"ppo_training_node";"1761259548.954263889";"/home/ROS/ros_ws/install/ppo_training/lib/python3.10/site-packages/ppo_training/env_wrapper.py:compute_lookahead:279"
"Lookahead point: 0.72, -0.39";"20";"ppo_training_node";"1761259548.848699279";"/home/ROS/ros_ws/install/ppo_training/lib/python3.10/site-packages/ppo_training/env_wrapper.py:compute_lookahead:279"
"Lookahead point: 0.72, -0.39";"20";"ppo_training_node";"1761259548.742759623";"/home/ROS/ros_ws/install/ppo_training/lib/python3.10/site-packages/ppo_training/env_wrapper.py:compute_lookahead:279"
"Lookahead point: 0.72, -0.39";"20";"ppo_training_node";"1761259548.637355368";"/home/ROS/ros_ws/install/ppo_training/lib/python3.10/site-packages/ppo_training/env_wrapper.py:compute_lookahead:279"
"Lookahead point: 0.72, -0.39";"20";"ppo_training_node";"1761259548.531088368";"/home/ROS/ros_ws/install/ppo_training/lib/python3.10/site-packages/ppo_training/env_wrapper.py:compute_lookahead:279"
"Lookahead point: 0.72, -0.39";"20";"ppo_training_node";"1761259548.424609121";"/home/ROS/ros_ws/install/ppo_training/lib/python3.10/site-packages/ppo_training/env_wrapper.py:compute_lookahead:279"
"Lookahead point: 0.72, -0.39";"20";"ppo_training_node";"1761259548.318942054";"/home/ROS/ros_ws/install/ppo_training/lib/python3.10/site-packages/ppo_training/env_wrapper.py:compute_lookahead:279"
"Lookahead point: 0.72, -0.39";"20";"ppo_training_node";"1761259548.212953720";"/home/ROS/ros_ws/install/ppo_training/lib/python3.10/site-packages/ppo_training/env_wrapper.py:compute_lookahead:279"
"Lookahead point: 0.72, -0.39";"20";"ppo_training_node";"1761259548.106082246";"/home/ROS/ros_ws/install/ppo_training/lib/python3.10/site-packages/ppo_training/env_wrapper.py:compute_lookahead:279"
"Lookahead point: 0.72, -0.39";"20";"ppo_training_node";"1761259547.999894446";"/home/ROS/ros_ws/install/ppo_training/lib/python3.10/site-packages/ppo_training/env_wrapper.py:compute_lookahead:279"
"Lookahead point: 0.72, -0.39";"20";"ppo_training_node";"1761259547.893306249";"/home/ROS/ros_ws/install/ppo_training/lib/python3.10/site-packages/ppo_training/env_wrapper.py:compute_lookahead:279"
"Lookahead point: 0.72, -0.39";"20";"ppo_training_node";"1761259547.788033016";"/home/ROS/ros_ws/install/ppo_training/lib/python3.10/site-packages/ppo_training/env_wrapper.py:compute_lookahead:279"
"Lookahead point: 0.72, -0.39";"20";"ppo_training_node";"1761259547.681068027";"/home/ROS/ros_ws/install/ppo_training/lib/python3.10/site-packages/ppo_training/env_wrapper.py:compute_lookahead:279"
"Lookahead point: 0.72, -0.39";"20";"ppo_training_node";"1761259547.574423537";"/home/ROS/ros_ws/install/ppo_training/lib/python3.10/site-packages/ppo_training/env_wrapper.py:compute_lookahead:279"
"Lookahead point: 0.72, -0.39";"20";"ppo_training_node";"1761259547.468840909";"/home/ROS/ros_ws/install/ppo_training/lib/python3.10/site-packages/ppo_training/env_wrapper.py:compute_lookahead:279"
"Lookahead point: 0.72, -0.39";"20";"ppo_training_node";"1761259547.362755567";"/home/ROS/ros_ws/install/ppo_training/lib/python3.10/site-packages/ppo_training/env_wrapper.py:compute_lookahead:279"
"Lookahead point: 0.72, -0.39";"20";"ppo_training_node";"1761259547.256890293";"/home/ROS/ros_ws/install/ppo_training/lib/python3.10/site-packages/ppo_training/env_wrapper.py:compute_lookahead:279"
"Lookahead point: 0.72, -0.39";"20";"ppo_training_node";"1761259547.150714715";"/home/ROS/ros_ws/install/ppo_training/lib/python3.10/site-packages/ppo_training/env_wrapper.py:compute_lookahead:279"
"Lookahead point: 0.72, -0.39";"20";"ppo_training_node";"1761259547.044925917";"/home/ROS/ros_ws/install/ppo_training/lib/python3.10/site-packages/ppo_training/env_wrapper.py:compute_lookahead:279"
"Lookahead point: 0.72, -0.39";"20";"ppo_training_node";"1761259546.938292463";"/home/ROS/ros_ws/install/ppo_training/lib/python3.10/site-packages/ppo_training/env_wrapper.py:compute_lookahead:279"
"Lookahead point: 0.72, -0.39";"20";"ppo_training_node";"1761259546.832505412";"/home/ROS/ros_ws/install/ppo_training/lib/python3.10/site-packages/ppo_training/env_wrapper.py:compute_lookahead:279"
"Lookahead point: 0.72, -0.39";"20";"ppo_training_node";"1761259546.726613599";"/home/ROS/ros_ws/install/ppo_training/lib/python3.10/site-packages/ppo_training/env_wrapper.py:compute_lookahead:279"
"Lookahead point: 0.72, -0.39";"20";"ppo_training_node";"1761259546.620146716";"/home/ROS/ros_ws/install/ppo_training/lib/python3.10/site-packages/ppo_training/env_wrapper.py:compute_lookahead:279"
"Lookahead point: 0.72, -0.39";"20";"ppo_training_node";"1761259546.513755401";"/home/ROS/ros_ws/install/ppo_training/lib/python3.10/site-packages/ppo_training/env_wrapper.py:compute_lookahead:279"
"Lookahead point: 0.72, -0.39";"20";"ppo_training_node";"1761259546.407593304";"/home/ROS/ros_ws/install/ppo_training/lib/python3.10/site-packages/ppo_training/env_wrapper.py:compute_lookahead:279"
"Lookahead point: 0.72, -0.39";"20";"ppo_training_node";"1761259546.300771001";"/home/ROS/ros_ws/install/ppo_training/lib/python3.10/site-packages/ppo_training/env_wrapper.py:compute_lookahead:279"
"Lookahead point: 0.72, -0.39";"20";"ppo_training_node";"1761259546.194522371";"/home/ROS/ros_ws/install/ppo_training/lib/python3.10/site-packages/ppo_training/env_wrapper.py:compute_lookahead:279"
"Lookahead point: 0.72, -0.39";"20";"ppo_training_node";"1761259546.087756500";"/home/ROS/ros_ws/install/ppo_training/lib/python3.10/site-packages/ppo_training/env_wrapper.py:compute_lookahead:279"
"Lookahead point: 0.72, -0.39";"20";"ppo_training_node";"1761259545.980901022";"/home/ROS/ros_ws/install/ppo_training/lib/python3.10/site-packages/ppo_training/env_wrapper.py:compute_lookahead:279"
"Lookahead point: 0.72, -0.39";"20";"ppo_training_node";"1761259545.873249988";"/home/ROS/ros_ws/install/ppo_training/lib/python3.10/site-packages/ppo_training/env_wrapper.py:compute_lookahead:279"
"Lookahead point: 0.72, -0.39";"20";"ppo_training_node";"1761259545.767763393";"/home/ROS/ros_ws/install/ppo_training/lib/python3.10/site-packages/ppo_training/env_wrapper.py:compute_lookahead:279"
"Lookahead point: 0.72, -0.39";"20";"ppo_training_node";"1761259545.661694674";"/home/ROS/ros_ws/install/ppo_training/lib/python3.10/site-packages/ppo_training/env_wrapper.py:compute_lookahead:279"
"Lookahead point: 0.72, -0.39";"20";"ppo_training_node";"1761259545.555251329";"/home/ROS/ros_ws/install/ppo_training/lib/python3.10/site-packages/ppo_training/env_wrapper.py:compute_lookahead:279"
"Lookahead point: 0.72, -0.39";"20";"ppo_training_node";"1761259545.448610055";"/home/ROS/ros_ws/install/ppo_training/lib/python3.10/site-packages/ppo_training/env_wrapper.py:compute_lookahead:279"
"Lookahead point: 0.72, -0.39";"20";"ppo_training_node";"1761259545.342274264";"/home/ROS/ros_ws/install/ppo_training/lib/python3.10/site-packages/ppo_training/env_wrapper.py:compute_lookahead:279"
"Lookahead point: 0.72, -0.39";"20";"ppo_training_node";"1761259545.235700735";"/home/ROS/ros_ws/install/ppo_training/lib/python3.10/site-packages/ppo_training/env_wrapper.py:compute_lookahead:279"
"Lookahead point: 0.72, -0.39";"20";"ppo_training_node";"1761259545.128571343";"/home/ROS/ros_ws/install/ppo_training/lib/python3.10/site-packages/ppo_training/env_wrapper.py:compute_lookahead:279"
"Lookahead point: 0.72, -0.39";"20";"ppo_training_node";"1761259545.022057458";"/home/ROS/ros_ws/install/ppo_training/lib/python3.10/site-packages/ppo_training/env_wrapper.py:compute_lookahead:279"
"Lookahead point: 0.72, -0.39";"20";"ppo_training_node";"1761259544.914476754";"/home/ROS/ros_ws/install/ppo_training/lib/python3.10/site-packages/ppo_training/env_wrapper.py:compute_lookahead:279"
"Lookahead point: 0.72, -0.39";"20";"ppo_training_node";"1761259544.807174576";"/home/ROS/ros_ws/install/ppo_training/lib/python3.10/site-packages/ppo_training/env_wrapper.py:compute_lookahead:279"
"Lookahead point: 0.72, -0.39";"20";"ppo_training_node";"1761259544.700138981";"/home/ROS/ros_ws/install/ppo_training/lib/python3.10/site-packages/ppo_training/env_wrapper.py:compute_lookahead:279"
"Lookahead point: 0.72, -0.39";"20";"ppo_training_node";"1761259544.594366738";"/home/ROS/ros_ws/install/ppo_training/lib/python3.10/site-packages/ppo_training/env_wrapper.py:compute_lookahead:279"
"Lookahead point: 0.72, -0.39";"20";"ppo_training_node";"1761259544.487307048";"/home/ROS/ros_ws/install/ppo_training/lib/python3.10/site-packages/ppo_training/env_wrapper.py:compute_lookahead:279"
"Lookahead point: 0.72, -0.39";"20";"ppo_training_node";"1761259544.381968796";"/home/ROS/ros_ws/install/ppo_training/lib/python3.10/site-packages/ppo_training/env_wrapper.py:compute_lookahead:279"
"Lookahead point: 0.72, -0.39";"20";"ppo_training_node";"1761259544.275833939";"/home/ROS/ros_ws/install/ppo_training/lib/python3.10/site-packages/ppo_training/env_wrapper.py:compute_lookahead:279"
"Lookahead point: 0.72, -0.39";"20";"ppo_training_node";"1761259544.170109816";"/home/ROS/ros_ws/install/ppo_training/lib/python3.10/site-packages/ppo_training/env_wrapper.py:compute_lookahead:279"
"Lookahead point: 0.72, -0.39";"20";"ppo_training_node";"1761259544.064656886";"/home/ROS/ros_ws/install/ppo_training/lib/python3.10/site-packages/ppo_training/env_wrapper.py:compute_lookahead:279"
"Lookahead point: 0.72, -0.39";"20";"ppo_training_node";"1761259543.958805583";"/home/ROS/ros_ws/install/ppo_training/lib/python3.10/site-packages/ppo_training/env_wrapper.py:compute_lookahead:279"
"Lookahead point: 0.72, -0.39";"20";"ppo_training_node";"1761259543.852677223";"/home/ROS/ros_ws/install/ppo_training/lib/python3.10/site-packages/ppo_training/env_wrapper.py:compute_lookahead:279"
"Lookahead point: 0.72, -0.39";"20";"ppo_training_node";"1761259543.746069544";"/home/ROS/ros_ws/install/ppo_training/lib/python3.10/site-packages/ppo_training/env_wrapper.py:compute_lookahead:279"
"Lookahead point: 0.72, -0.39";"20";"ppo_training_node";"1761259543.639077321";"/home/ROS/ros_ws/install/ppo_training/lib/python3.10/site-packages/ppo_training/env_wrapper.py:compute_lookahead:279"
"Lookahead point: 0.72, -0.39";"20";"ppo_training_node";"1761259543.533399573";"/home/ROS/ros_ws/install/ppo_training/lib/python3.10/site-packages/ppo_training/env_wrapper.py:compute_lookahead:279"
"Lookahead point: 0.72, -0.39";"20";"ppo_training_node";"1761259543.426985843";"/home/ROS/ros_ws/install/ppo_training/lib/python3.10/site-packages/ppo_training/env_wrapper.py:compute_lookahead:279"
"Lookahead point: 0.72, -0.39";"20";"ppo_training_node";"1761259543.320605356";"/home/ROS/ros_ws/install/ppo_training/lib/python3.10/site-packages/ppo_training/env_wrapper.py:compute_lookahead:279"
"Lookahead point: 0.72, -0.39";"20";"ppo_training_node";"1761259543.214236393";"/home/ROS/ros_ws/install/ppo_training/lib/python3.10/site-packages/ppo_training/env_wrapper.py:compute_lookahead:279"
"Lookahead point: 0.72, -0.39";"20";"ppo_training_node";"1761259543.108123607";"/home/ROS/ros_ws/install/ppo_training/lib/python3.10/site-packages/ppo_training/env_wrapper.py:compute_lookahead:279"
"Lookahead point: 0.72, -0.39";"20";"ppo_training_node";"1761259543.001180273";"/home/ROS/ros_ws/install/ppo_training/lib/python3.10/site-packages/ppo_training/env_wrapper.py:compute_lookahead:279"
"Lookahead point: 0.72, -0.39";"20";"ppo_training_node";"1761259542.895528158";"/home/ROS/ros_ws/install/ppo_training/lib/python3.10/site-packages/ppo_training/env_wrapper.py:compute_lookahead:279"
"Lookahead point: 0.72, -0.39";"20";"ppo_training_node";"1761259542.788346877";"/home/ROS/ros_ws/install/ppo_training/lib/python3.10/site-packages/ppo_training/env_wrapper.py:compute_lookahead:279"
"Lookahead point: 0.72, -0.39";"20";"ppo_training_node";"1761259542.681065025";"/home/ROS/ros_ws/install/ppo_training/lib/python3.10/site-packages/ppo_training/env_wrapper.py:compute_lookahead:279"
"Lookahead point: 0.72, -0.39";"20";"ppo_training_node";"1761259542.574237418";"/home/ROS/ros_ws/install/ppo_training/lib/python3.10/site-packages/ppo_training/env_wrapper.py:compute_lookahead:279"
"Lookahead point: 0.72, -0.39";"20";"ppo_training_node";"1761259542.468349520";"/home/ROS/ros_ws/install/ppo_training/lib/python3.10/site-packages/ppo_training/env_wrapper.py:compute_lookahead:279"
"Lookahead point: 0.72, -0.39";"20";"ppo_training_node";"1761259542.361411145";"/home/ROS/ros_ws/install/ppo_training/lib/python3.10/site-packages/ppo_training/env_wrapper.py:compute_lookahead:279"
"Lookahead point: 0.72, -0.39";"20";"ppo_training_node";"1761259542.255689679";"/home/ROS/ros_ws/install/ppo_training/lib/python3.10/site-packages/ppo_training/env_wrapper.py:compute_lookahead:279"
"Lookahead point: 0.72, -0.39";"20";"ppo_training_node";"1761259542.149465777";"/home/ROS/ros_ws/install/ppo_training/lib/python3.10/site-packages/ppo_training/env_wrapper.py:compute_lookahead:279"
"Lookahead point: 0.72, -0.39";"20";"ppo_training_node";"1761259542.043221830";"/home/ROS/ros_ws/install/ppo_training/lib/python3.10/site-packages/ppo_training/env_wrapper.py:compute_lookahead:279"
"Lookahead point: 0.72, -0.39";"20";"ppo_training_node";"1761259541.935732272";"/home/ROS/ros_ws/install/ppo_training/lib/python3.10/site-packages/ppo_training/env_wrapper.py:compute_lookahead:279"
"Lookahead point: 0.72, -0.39";"20";"ppo_training_node";"1761259541.828039057";"/home/ROS/ros_ws/install/ppo_training/lib/python3.10/site-packages/ppo_training/env_wrapper.py:compute_lookahead:279"
"Lookahead point: 0.72, -0.39";"20";"ppo_training_node";"1761259541.721077986";"/home/ROS/ros_ws/install/ppo_training/lib/python3.10/site-packages/ppo_training/env_wrapper.py:compute_lookahead:279"
"Lookahead point: 0.72, -0.39";"20";"ppo_training_node";"1761259541.613206398";"/home/ROS/ros_ws/install/ppo_training/lib/python3.10/site-packages/ppo_training/env_wrapper.py:compute_lookahead:279"
"Lookahead point: 0.72, -0.39";"20";"ppo_training_node";"1761259541.505791709";"/home/ROS/ros_ws/install/ppo_training/lib/python3.10/site-packages/ppo_training/env_wrapper.py:compute_lookahead:279"
"Lookahead point: 0.72, -0.39";"20";"ppo_training_node";"1761259541.399450126";"/home/ROS/ros_ws/install/ppo_training/lib/python3.10/site-packages/ppo_training/env_wrapper.py:compute_lookahead:279"
"Lookahead point: 0.72, -0.39";"20";"ppo_training_node";"1761259541.293453837";"/home/ROS/ros_ws/install/ppo_training/lib/python3.10/site-packages/ppo_training/env_wrapper.py:compute_lookahead:279"
"Lookahead point: 0.72, -0.39";"20";"ppo_training_node";"1761259541.186977810";"/home/ROS/ros_ws/install/ppo_training/lib/python3.10/site-packages/ppo_training/env_wrapper.py:compute_lookahead:279"
"Lookahead point: 0.72, -0.39";"20";"ppo_training_node";"1761259541.080321384";"/home/ROS/ros_ws/install/ppo_training/lib/python3.10/site-packages/ppo_training/env_wrapper.py:compute_lookahead:279"
"Lookahead point: 0.72, -0.39";"20";"ppo_training_node";"1761259540.973759383";"/home/ROS/ros_ws/install/ppo_training/lib/python3.10/site-packages/ppo_training/env_wrapper.py:compute_lookahead:279"
"Lookahead point: 0.72, -0.39";"20";"ppo_training_node";"1761259540.867655749";"/home/ROS/ros_ws/install/ppo_training/lib/python3.10/site-packages/ppo_training/env_wrapper.py:compute_lookahead:279"
"Lookahead point: 0.72, -0.39";"20";"ppo_training_node";"1761259540.762107700";"/home/ROS/ros_ws/install/ppo_training/lib/python3.10/site-packages/ppo_training/env_wrapper.py:compute_lookahead:279"
"Lookahead point: 0.72, -0.39";"20";"ppo_training_node";"1761259540.655699489";"/home/ROS/ros_ws/install/ppo_training/lib/python3.10/site-packages/ppo_training/env_wrapper.py:compute_lookahead:279"
"Lookahead point: 0.72, -0.39";"20";"ppo_training_node";"1761259540.549125617";"/home/ROS/ros_ws/install/ppo_training/lib/python3.10/site-packages/ppo_training/env_wrapper.py:compute_lookahead:279"
"Lookahead point: 0.72, -0.39";"20";"ppo_training_node";"1761259540.442208615";"/home/ROS/ros_ws/install/ppo_training/lib/python3.10/site-packages/ppo_training/env_wrapper.py:compute_lookahead:279"
"Lookahead point: 0.72, -0.39";"20";"ppo_training_node";"1761259540.335567555";"/home/ROS/ros_ws/install/ppo_training/lib/python3.10/site-packages/ppo_training/env_wrapper.py:compute_lookahead:279"
"Lookahead point: 0.72, -0.39";"20";"ppo_training_node";"1761259540.229417407";"/home/ROS/ros_ws/install/ppo_training/lib/python3.10/site-packages/ppo_training/env_wrapper.py:compute_lookahead:279"
"Lookahead point: 0.72, -0.39";"20";"ppo_training_node";"1761259540.122482317";"/home/ROS/ros_ws/install/ppo_training/lib/python3.10/site-packages/ppo_training/env_wrapper.py:compute_lookahead:279"
"Lookahead point: 0.72, -0.39";"20";"ppo_training_node";"1761259540.014572947";"/home/ROS/ros_ws/install/ppo_training/lib/python3.10/site-packages/ppo_training/env_wrapper.py:compute_lookahead:279"
"Lookahead point: 0.72, -0.39";"20";"ppo_training_node";"1761259539.908547116";"/home/ROS/ros_ws/install/ppo_training/lib/python3.10/site-packages/ppo_training/env_wrapper.py:compute_lookahead:279"
"Lookahead point: 0.72, -0.39";"20";"ppo_training_node";"1761259539.802460594";"/home/ROS/ros_ws/install/ppo_training/lib/python3.10/site-packages/ppo_training/env_wrapper.py:compute_lookahead:279"
"Lookahead point: 0.72, -0.39";"20";"ppo_training_node";"1761259539.695203329";"/home/ROS/ros_ws/install/ppo_training/lib/python3.10/site-packages/ppo_training/env_wrapper.py:compute_lookahead:279"
"Lookahead point: 0.72, -0.39";"20";"ppo_training_node";"1761259539.588602778";"/home/ROS/ros_ws/install/ppo_training/lib/python3.10/site-packages/ppo_training/env_wrapper.py:compute_lookahead:279"
"Lookahead point: 0.72, -0.39";"20";"ppo_training_node";"1761259539.481968843";"/home/ROS/ros_ws/install/ppo_training/lib/python3.10/site-packages/ppo_training/env_wrapper.py:compute_lookahead:279"
"Lookahead point: 0.72, -0.39";"20";"ppo_training_node";"1761259539.375197950";"/home/ROS/ros_ws/install/ppo_training/lib/python3.10/site-packages/ppo_training/env_wrapper.py:compute_lookahead:279"
"Lookahead point: 0.72, -0.39";"20";"ppo_training_node";"1761259539.269106190";"/home/ROS/ros_ws/install/ppo_training/lib/python3.10/site-packages/ppo_training/env_wrapper.py:compute_lookahead:279"
"Lookahead point: 0.72, -0.39";"20";"ppo_training_node";"1761259539.163424047";"/home/ROS/ros_ws/install/ppo_training/lib/python3.10/site-packages/ppo_training/env_wrapper.py:compute_lookahead:279"
"Lookahead point: 0.72, -0.39";"20";"ppo_training_node";"1761259539.057545302";"/home/ROS/ros_ws/install/ppo_training/lib/python3.10/site-packages/ppo_training/env_wrapper.py:compute_lookahead:279"
"Lookahead point: 0.72, -0.39";"20";"ppo_training_node";"1761259538.951527923";"/home/ROS/ros_ws/install/ppo_training/lib/python3.10/site-packages/ppo_training/env_wrapper.py:compute_lookahead:279"
"Lookahead point: 0.72, -0.39";"20";"ppo_training_node";"1761259538.845599662";"/home/ROS/ros_ws/install/ppo_training/lib/python3.10/site-packages/ppo_training/env_wrapper.py:compute_lookahead:279"
"Lookahead point: 0.72, -0.39";"20";"ppo_training_node";"1761259538.739818136";"/home/ROS/ros_ws/install/ppo_training/lib/python3.10/site-packages/ppo_training/env_wrapper.py:compute_lookahead:279"
"Lookahead point: 0.72, -0.39";"20";"ppo_training_node";"1761259538.633292456";"/home/ROS/ros_ws/install/ppo_training/lib/python3.10/site-packages/ppo_training/env_wrapper.py:compute_lookahead:279"
"Lookahead point: 0.72, -0.39";"20";"ppo_training_node";"1761259538.527409940";"/home/ROS/ros_ws/install/ppo_training/lib/python3.10/site-packages/ppo_training/env_wrapper.py:compute_lookahead:279"
"Lookahead point: 0.72, -0.39";"20";"ppo_training_node";"1761259538.420630039";"/home/ROS/ros_ws/install/ppo_training/lib/python3.10/site-packages/ppo_training/env_wrapper.py:compute_lookahead:279"
"Lookahead point: 0.72, -0.39";"20";"ppo_training_node";"1761259538.314962982";"/home/ROS/ros_ws/install/ppo_training/lib/python3.10/site-packages/ppo_training/env_wrapper.py:compute_lookahead:279"
"Lookahead point: 0.72, -0.39";"20";"ppo_training_node";"1761259538.209368281";"/home/ROS/ros_ws/install/ppo_training/lib/python3.10/site-packages/ppo_training/env_wrapper.py:compute_lookahead:279"
"Lookahead point: 0.72, -0.39";"20";"ppo_training_node";"1761259538.104119083";"/home/ROS/ros_ws/install/ppo_training/lib/python3.10/site-packages/ppo_training/env_wrapper.py:compute_lookahead:279"
"Lookahead point: 0.72, -0.39";"20";"ppo_training_node";"1761259537.998581162";"/home/ROS/ros_ws/install/ppo_training/lib/python3.10/site-packages/ppo_training/env_wrapper.py:compute_lookahead:279"
"Lookahead point: 0.72, -0.39";"20";"ppo_training_node";"1761259537.892519017";"/home/ROS/ros_ws/install/ppo_training/lib/python3.10/site-packages/ppo_training/env_wrapper.py:compute_lookahead:279"
"Resultado da navegação: status=6";"20";"goal_spawner_node";"1761259537.891101526";"/home/ROS/ros_ws/install/ppo_training/lib/python3.10/site-packages/ppo_training/goal_spawner.py:_on_result:205"
"Goal failed";"40";"bt_navigator";"1761259537.889677190";"/opt/ros/humble/include/nav2_behavior_tree/bt_action_server_impl.hpp:executeCallback:269"
"[navigate_to_pose] [ActionServer] Aborting handle.";"30";"bt_navigator";"1761259537.889111689";"/opt/ros/humble/include/nav2_util/simple_action_server.hpp:warn_msg:605"
"[spin] [ActionServer] Aborting handle.";"30";"behavior_server";"1761259537.850835869";"/opt/ros/humble/include/nav2_util/simple_action_server.hpp:warn_msg:605"
"spin failed";"30";"behavior_server";"1761259537.850803952";"./include/nav2_behaviors/timed_behavior.hpp:execute:246"
"Collision Ahead - Exiting Spin";"30";"behavior_server";"1761259537.850689902";"./plugins/spin.cpp:onCycleUpdate:151"
"Lookahead point: 0.72, -0.39";"20";"ppo_training_node";"1761259537.785683872";"/home/ROS/ros_ws/install/ppo_training/lib/python3.10/site-packages/ppo_training/env_wrapper.py:compute_lookahead:279"
"Lookahead point: 0.72, -0.39";"20";"ppo_training_node";"1761259537.680026246";"/home/ROS/ros_ws/install/ppo_training/lib/python3.10/site-packages/ppo_training/env_wrapper.py:compute_lookahead:279"
"Lookahead point: 0.72, -0.39";"20";"ppo_training_node";"1761259537.573709879";"/home/ROS/ros_ws/install/ppo_training/lib/python3.10/site-packages/ppo_training/env_wrapper.py:compute_lookahead:279"
"Lookahead point: 0.72, -0.39";"20";"ppo_training_node";"1761259537.468436587";"/home/ROS/ros_ws/install/ppo_training/lib/python3.10/site-packages/ppo_training/env_wrapper.py:compute_lookahead:279"
"Lookahead point: 0.72, -0.39";"20";"ppo_training_node";"1761259537.362724624";"/home/ROS/ros_ws/install/ppo_training/lib/python3.10/site-packages/ppo_training/env_wrapper.py:compute_lookahead:279"
"Lookahead point: 0.72, -0.39";"20";"ppo_training_node";"1761259537.256393940";"/home/ROS/ros_ws/install/ppo_training/lib/python3.10/site-packages/ppo_training/env_wrapper.py:compute_lookahead:279"
"Lookahead point: 0.72, -0.39";"20";"ppo_training_node";"1761259537.151405599";"/home/ROS/ros_ws/install/ppo_training/lib/python3.10/site-packages/ppo_training/env_wrapper.py:compute_lookahead:279"
"Lookahead point: 0.72, -0.39";"20";"ppo_training_node";"1761259537.045966225";"/home/ROS/ros_ws/install/ppo_training/lib/python3.10/site-packages/ppo_training/env_wrapper.py:compute_lookahead:279"
"Lookahead point: 0.72, -0.39";"20";"ppo_training_node";"1761259536.940478522";"/home/ROS/ros_ws/install/ppo_training/lib/python3.10/site-packages/ppo_training/env_wrapper.py:compute_lookahead:279"
"Lookahead point: 0.72, -0.39";"20";"ppo_training_node";"1761259536.833897739";"/home/ROS/ros_ws/install/ppo_training/lib/python3.10/site-packages/ppo_training/env_wrapper.py:compute_lookahead:279"
"Lookahead point: 0.72, -0.39";"20";"ppo_training_node";"1761259536.727215198";"/home/ROS/ros_ws/install/ppo_training/lib/python3.10/site-packages/ppo_training/env_wrapper.py:compute_lookahead:279"
"Lookahead point: 0.72, -0.39";"20";"ppo_training_node";"1761259536.621761857";"/home/ROS/ros_ws/install/ppo_training/lib/python3.10/site-packages/ppo_training/env_wrapper.py:compute_lookahead:279"
"Turning 1.57 for spin behavior.";"20";"behavior_server";"1761259536.550278992";"./plugins/spin.cpp:onRun:89"
"Running spin";"20";"behavior_server";"1761259536.550151812";"./include/nav2_behaviors/timed_behavior.hpp:execute:187"
"Received request to clear entirely the global_costmap";"20";"global_costmap.global_costmap";"1761259536.549687929";"./src/clear_costmap_service.cpp:clearEntireCallback:95"
"Received request to clear entirely the local_costmap";"20";"local_costmap.local_costmap";"1761259536.549226350";"./src/clear_costmap_service.cpp:clearEntireCallback:95"
"[compute_path_to_pose] [ActionServer] Aborting handle.";"30";"planner_server";"1761259536.530548518";"/opt/ros/humble/include/nav2_util/simple_action_server.hpp:warn_msg:605"
"Planning algorithm GridBased failed to generate a valid path to (8.00, 0.00)";"30";"planner_server";"1761259536.530522397";"./src/planner_server.cpp:validatePath:341"
"GridBased: failed to create plan with tolerance 0.50.";"30";"planner_server";"1761259536.530443197";"./src/navfn_planner.cpp:createPlan:175"
"Lookahead point: 0.72, -0.39";"20";"ppo_training_node";"1761259536.514821114";"/home/ROS/ros_ws/install/ppo_training/lib/python3.10/site-packages/ppo_training/env_wrapper.py:compute_lookahead:279"
"Lookahead point: 0.72, -0.39";"20";"ppo_training_node";"1761259536.409017172";"/home/ROS/ros_ws/install/ppo_training/lib/python3.10/site-packages/ppo_training/env_wrapper.py:compute_lookahead:279"
"Lookahead point: 0.72, -0.39";"20";"ppo_training_node";"1761259536.303243959";"/home/ROS/ros_ws/install/ppo_training/lib/python3.10/site-packages/ppo_training/env_wrapper.py:compute_lookahead:279"
"Lookahead point: 0.72, -0.39";"20";"ppo_training_node";"1761259536.195548934";"/home/ROS/ros_ws/install/ppo_training/lib/python3.10/site-packages/ppo_training/env_wrapper.py:compute_lookahead:279"
"Lookahead point: 0.72, -0.39";"20";"ppo_training_node";"1761259536.089262461";"/home/ROS/ros_ws/install/ppo_training/lib/python3.10/site-packages/ppo_training/env_wrapper.py:compute_lookahead:279"
"Lookahead point: 0.72, -0.39";"20";"ppo_training_node";"1761259535.983237193";"/home/ROS/ros_ws/install/ppo_training/lib/python3.10/site-packages/ppo_training/env_wrapper.py:compute_lookahead:279"
"Lookahead point: 0.72, -0.39";"20";"ppo_training_node";"1761259535.876917058";"/home/ROS/ros_ws/install/ppo_training/lib/python3.10/site-packages/ppo_training/env_wrapper.py:compute_lookahead:279"
"Received request to clear entirely the global_costmap";"20";"global_costmap.global_costmap";"1761259535.789471217";"./src/clear_costmap_service.cpp:clearEntireCallback:95"
"Lookahead point: 0.72, -0.39";"20";"ppo_training_node";"1761259535.770477913";"/home/ROS/ros_ws/install/ppo_training/lib/python3.10/site-packages/ppo_training/env_wrapper.py:compute_lookahead:279"
"[compute_path_to_pose] [ActionServer] Aborting handle.";"30";"planner_server";"1761259535.760035511";"/opt/ros/humble/include/nav2_util/simple_action_server.hpp:warn_msg:605"
"Planning algorithm GridBased failed to generate a valid path to (8.00, 0.00)";"30";"planner_server";"1761259535.759914267";"./src/planner_server.cpp:validatePath:341"
"GridBased: failed to create plan with tolerance 0.50.";"30";"planner_server";"1761259535.759738198";"./src/navfn_planner.cpp:createPlan:175"
"wait completed successfully";"20";"behavior_server";"1761259535.729643613";"./include/nav2_behaviors/timed_behavior.hpp:execute:237"
"Lookahead point: 0.72, -0.39";"20";"ppo_training_node";"1761259535.664625433";"/home/ROS/ros_ws/install/ppo_training/lib/python3.10/site-packages/ppo_training/env_wrapper.py:compute_lookahead:279"
"Lookahead point: 0.72, -0.39";"20";"ppo_training_node";"1761259535.558399233";"/home/ROS/ros_ws/install/ppo_training/lib/python3.10/site-packages/ppo_training/env_wrapper.py:compute_lookahead:279"
"Lookahead point: 0.72, -0.39";"20";"ppo_training_node";"1761259535.452532086";"/home/ROS/ros_ws/install/ppo_training/lib/python3.10/site-packages/ppo_training/env_wrapper.py:compute_lookahead:279"
"Lookahead point: 0.72, -0.39";"20";"ppo_training_node";"1761259535.345794651";"/home/ROS/ros_ws/install/ppo_training/lib/python3.10/site-packages/ppo_training/env_wrapper.py:compute_lookahead:279"
"Lookahead point: 0.72, -0.39";"20";"ppo_training_node";"1761259535.239378973";"/home/ROS/ros_ws/install/ppo_training/lib/python3.10/site-packages/ppo_training/env_wrapper.py:compute_lookahead:279"
"Lookahead point: 0.72, -0.39";"20";"ppo_training_node";"1761259535.133311941";"/home/ROS/ros_ws/install/ppo_training/lib/python3.10/site-packages/ppo_training/env_wrapper.py:compute_lookahead:279"
"Lookahead point: 0.72, -0.39";"20";"ppo_training_node";"1761259535.027430546";"/home/ROS/ros_ws/install/ppo_training/lib/python3.10/site-packages/ppo_training/env_wrapper.py:compute_lookahead:279"
"Lookahead point: 0.72, -0.39";"20";"ppo_training_node";"1761259534.920914787";"/home/ROS/ros_ws/install/ppo_training/lib/python3.10/site-packages/ppo_training/env_wrapper.py:compute_lookahead:279"
"Lookahead point: 0.72, -0.39";"20";"ppo_training_node";"1761259534.813829406";"/home/ROS/ros_ws/install/ppo_training/lib/python3.10/site-packages/ppo_training/env_wrapper.py:compute_lookahead:279"
"Lookahead point: 0.72, -0.39";"20";"ppo_training_node";"1761259534.707491392";"/home/ROS/ros_ws/install/ppo_training/lib/python3.10/site-packages/ppo_training/env_wrapper.py:compute_lookahead:279"
"Lookahead point: 0.72, -0.39";"20";"ppo_training_node";"1761259534.601215188";"/home/ROS/ros_ws/install/ppo_training/lib/python3.10/site-packages/ppo_training/env_wrapper.py:compute_lookahead:279"
"Lookahead point: 0.72, -0.39";"20";"ppo_training_node";"1761259534.494909511";"/home/ROS/ros_ws/install/ppo_training/lib/python3.10/site-packages/ppo_training/env_wrapper.py:compute_lookahead:279"
"Lookahead point: 0.72, -0.39";"20";"ppo_training_node";"1761259534.388824391";"/home/ROS/ros_ws/install/ppo_training/lib/python3.10/site-packages/ppo_training/env_wrapper.py:compute_lookahead:279"
"Lookahead point: 0.72, -0.39";"20";"ppo_training_node";"1761259534.281457132";"/home/ROS/ros_ws/install/ppo_training/lib/python3.10/site-packages/ppo_training/env_wrapper.py:compute_lookahead:279"
"Lookahead point: 0.72, -0.39";"20";"ppo_training_node";"1761259534.174775501";"/home/ROS/ros_ws/install/ppo_training/lib/python3.10/site-packages/ppo_training/env_wrapper.py:compute_lookahead:279"
"Lookahead point: 0.72, -0.39";"20";"ppo_training_node";"1761259534.069114525";"/home/ROS/ros_ws/install/ppo_training/lib/python3.10/site-packages/ppo_training/env_wrapper.py:compute_lookahead:279"
"Lookahead point: 0.72, -0.39";"20";"ppo_training_node";"1761259533.962306063";"/home/ROS/ros_ws/install/ppo_training/lib/python3.10/site-packages/ppo_training/env_wrapper.py:compute_lookahead:279"
"Lookahead point: 0.72, -0.39";"20";"ppo_training_node";"1761259533.856312227";"/home/ROS/ros_ws/install/ppo_training/lib/python3.10/site-packages/ppo_training/env_wrapper.py:compute_lookahead:279"
"Lookahead point: 0.72, -0.39";"20";"ppo_training_node";"1761259533.750709080";"/home/ROS/ros_ws/install/ppo_training/lib/python3.10/site-packages/ppo_training/env_wrapper.py:compute_lookahead:279"
"Lookahead point: 0.72, -0.39";"20";"ppo_training_node";"1761259533.643862626";"/home/ROS/ros_ws/install/ppo_training/lib/python3.10/site-packages/ppo_training/env_wrapper.py:compute_lookahead:279"
"Lookahead point: 0.72, -0.39";"20";"ppo_training_node";"1761259533.537908459";"/home/ROS/ros_ws/install/ppo_training/lib/python3.10/site-packages/ppo_training/env_wrapper.py:compute_lookahead:279"
"Lookahead point: 0.72, -0.39";"20";"ppo_training_node";"1761259533.431240169";"/home/ROS/ros_ws/install/ppo_training/lib/python3.10/site-packages/ppo_training/env_wrapper.py:compute_lookahead:279"
"Lookahead point: 0.72, -0.39";"20";"ppo_training_node";"1761259533.324663231";"/home/ROS/ros_ws/install/ppo_training/lib/python3.10/site-packages/ppo_training/env_wrapper.py:compute_lookahead:279"
"Lookahead point: 0.72, -0.39";"20";"ppo_training_node";"1761259533.217558155";"/home/ROS/ros_ws/install/ppo_training/lib/python3.10/site-packages/ppo_training/env_wrapper.py:compute_lookahead:279"
"Lookahead point: 0.72, -0.39";"20";"ppo_training_node";"1761259533.111645265";"/home/ROS/ros_ws/install/ppo_training/lib/python3.10/site-packages/ppo_training/env_wrapper.py:compute_lookahead:279"
"Lookahead point: 0.72, -0.39";"20";"ppo_training_node";"1761259533.005148504";"/home/ROS/ros_ws/install/ppo_training/lib/python3.10/site-packages/ppo_training/env_wrapper.py:compute_lookahead:279"
"Lookahead point: 0.72, -0.39";"20";"ppo_training_node";"1761259532.899415664";"/home/ROS/ros_ws/install/ppo_training/lib/python3.10/site-packages/ppo_training/env_wrapper.py:compute_lookahead:279"
"Lookahead point: 0.72, -0.39";"20";"ppo_training_node";"1761259532.793629535";"/home/ROS/ros_ws/install/ppo_training/lib/python3.10/site-packages/ppo_training/env_wrapper.py:compute_lookahead:279"
"Lookahead point: 0.72, -0.39";"20";"ppo_training_node";"1761259532.688589377";"/home/ROS/ros_ws/install/ppo_training/lib/python3.10/site-packages/ppo_training/env_wrapper.py:compute_lookahead:279"
"Lookahead point: 0.72, -0.39";"20";"ppo_training_node";"1761259532.582700792";"/home/ROS/ros_ws/install/ppo_training/lib/python3.10/site-packages/ppo_training/env_wrapper.py:compute_lookahead:279"
"Lookahead point: 0.72, -0.39";"20";"ppo_training_node";"1761259532.477254439";"/home/ROS/ros_ws/install/ppo_training/lib/python3.10/site-packages/ppo_training/env_wrapper.py:compute_lookahead:279"
"Lookahead point: 0.72, -0.39";"20";"ppo_training_node";"1761259532.370716822";"/home/ROS/ros_ws/install/ppo_training/lib/python3.10/site-packages/ppo_training/env_wrapper.py:compute_lookahead:279"
"Lookahead point: 0.72, -0.39";"20";"ppo_training_node";"1761259532.264225091";"/home/ROS/ros_ws/install/ppo_training/lib/python3.10/site-packages/ppo_training/env_wrapper.py:compute_lookahead:279"
"Lookahead point: 0.72, -0.39";"20";"ppo_training_node";"1761259532.158659031";"/home/ROS/ros_ws/install/ppo_training/lib/python3.10/site-packages/ppo_training/env_wrapper.py:compute_lookahead:279"
"Lookahead point: 0.72, -0.39";"20";"ppo_training_node";"1761259532.051953028";"/home/ROS/ros_ws/install/ppo_training/lib/python3.10/site-packages/ppo_training/env_wrapper.py:compute_lookahead:279"
"Lookahead point: 0.72, -0.39";"20";"ppo_training_node";"1761259531.946538035";"/home/ROS/ros_ws/install/ppo_training/lib/python3.10/site-packages/ppo_training/env_wrapper.py:compute_lookahead:279"
"Lookahead point: 0.72, -0.39";"20";"ppo_training_node";"1761259531.841073036";"/home/ROS/ros_ws/install/ppo_training/lib/python3.10/site-packages/ppo_training/env_wrapper.py:compute_lookahead:279"
"Lookahead point: 0.72, -0.39";"20";"ppo_training_node";"1761259531.735160007";"/home/ROS/ros_ws/install/ppo_training/lib/python3.10/site-packages/ppo_training/env_wrapper.py:compute_lookahead:279"
"Lookahead point: 0.72, -0.39";"20";"ppo_training_node";"1761259531.628085245";"/home/ROS/ros_ws/install/ppo_training/lib/python3.10/site-packages/ppo_training/env_wrapper.py:compute_lookahead:279"
"Lookahead point: 0.72, -0.39";"20";"ppo_training_node";"1761259531.521538131";"/home/ROS/ros_ws/install/ppo_training/lib/python3.10/site-packages/ppo_training/env_wrapper.py:compute_lookahead:279"
"Lookahead point: 0.72, -0.39";"20";"ppo_training_node";"1761259531.415651922";"/home/ROS/ros_ws/install/ppo_training/lib/python3.10/site-packages/ppo_training/env_wrapper.py:compute_lookahead:279"
"Lookahead point: 0.72, -0.39";"20";"ppo_training_node";"1761259531.310149767";"/home/ROS/ros_ws/install/ppo_training/lib/python3.10/site-packages/ppo_training/env_wrapper.py:compute_lookahead:279"
"Lookahead point: 0.72, -0.39";"20";"ppo_training_node";"1761259531.203617809";"/home/ROS/ros_ws/install/ppo_training/lib/python3.10/site-packages/ppo_training/env_wrapper.py:compute_lookahead:279"
"Lookahead point: 0.72, -0.39";"20";"ppo_training_node";"1761259531.098013687";"/home/ROS/ros_ws/install/ppo_training/lib/python3.10/site-packages/ppo_training/env_wrapper.py:compute_lookahead:279"
"Lookahead point: 0.72, -0.39";"20";"ppo_training_node";"1761259530.992022088";"/home/ROS/ros_ws/install/ppo_training/lib/python3.10/site-packages/ppo_training/env_wrapper.py:compute_lookahead:279"
"Lookahead point: 0.72, -0.39";"20";"ppo_training_node";"1761259530.886226253";"/home/ROS/ros_ws/install/ppo_training/lib/python3.10/site-packages/ppo_training/env_wrapper.py:compute_lookahead:279"
"Lookahead point: 0.72, -0.39";"20";"ppo_training_node";"1761259530.780096859";"/home/ROS/ros_ws/install/ppo_training/lib/python3.10/site-packages/ppo_training/env_wrapper.py:compute_lookahead:279"
"Running wait";"20";"behavior_server";"1761259530.729360867";"./include/nav2_behaviors/timed_behavior.hpp:execute:187"
"spin completed successfully";"20";"behavior_server";"1761259530.699470079";"./include/nav2_behaviors/timed_behavior.hpp:execute:237"
"Lookahead point: 0.72, -0.39";"20";"ppo_training_node";"1761259530.673496807";"/home/ROS/ros_ws/install/ppo_training/lib/python3.10/site-packages/ppo_training/env_wrapper.py:compute_lookahead:279"
"Lookahead point: 0.72, -0.39";"20";"ppo_training_node";"1761259530.567985504";"/home/ROS/ros_ws/install/ppo_training/lib/python3.10/site-packages/ppo_training/env_wrapper.py:compute_lookahead:279"
"Lookahead point: 0.72, -0.39";"20";"ppo_training_node";"1761259530.462231016";"/home/ROS/ros_ws/install/ppo_training/lib/python3.10/site-packages/ppo_training/env_wrapper.py:compute_lookahead:279"
"Lookahead point: 0.72, -0.39";"20";"ppo_training_node";"1761259530.355313187";"/home/ROS/ros_ws/install/ppo_training/lib/python3.10/site-packages/ppo_training/env_wrapper.py:compute_lookahead:279"
"Lookahead point: 0.72, -0.39";"20";"ppo_training_node";"1761259530.249355322";"/home/ROS/ros_ws/install/ppo_training/lib/python3.10/site-packages/ppo_training/env_wrapper.py:compute_lookahead:279"
"Lookahead point: 0.72, -0.39";"20";"ppo_training_node";"1761259530.143525476";"/home/ROS/ros_ws/install/ppo_training/lib/python3.10/site-packages/ppo_training/env_wrapper.py:compute_lookahead:279"
"Lookahead point: 0.72, -0.39";"20";"ppo_training_node";"1761259530.038437688";"/home/ROS/ros_ws/install/ppo_training/lib/python3.10/site-packages/ppo_training/env_wrapper.py:compute_lookahead:279"
"Lookahead point: 0.72, -0.39";"20";"ppo_training_node";"1761259529.931618406";"/home/ROS/ros_ws/install/ppo_training/lib/python3.10/site-packages/ppo_training/env_wrapper.py:compute_lookahead:279"
"Lookahead point: 0.72, -0.39";"20";"ppo_training_node";"1761259529.825005225";"/home/ROS/ros_ws/install/ppo_training/lib/python3.10/site-packages/ppo_training/env_wrapper.py:compute_lookahead:279"
"Lookahead point: 0.72, -0.39";"20";"ppo_training_node";"1761259529.718821566";"/home/ROS/ros_ws/install/ppo_training/lib/python3.10/site-packages/ppo_training/env_wrapper.py:compute_lookahead:279"
"Lookahead point: 0.72, -0.39";"20";"ppo_training_node";"1761259529.613132868";"/home/ROS/ros_ws/install/ppo_training/lib/python3.10/site-packages/ppo_training/env_wrapper.py:compute_lookahead:279"
"Lookahead point: 0.72, -0.39";"20";"ppo_training_node";"1761259529.506944948";"/home/ROS/ros_ws/install/ppo_training/lib/python3.10/site-packages/ppo_training/env_wrapper.py:compute_lookahead:279"
"Lookahead point: 0.72, -0.39";"20";"ppo_training_node";"1761259529.400961034";"/home/ROS/ros_ws/install/ppo_training/lib/python3.10/site-packages/ppo_training/env_wrapper.py:compute_lookahead:279"
"Lookahead point: 0.72, -0.39";"20";"ppo_training_node";"1761259529.295652131";"/home/ROS/ros_ws/install/ppo_training/lib/python3.10/site-packages/ppo_training/env_wrapper.py:compute_lookahead:279"
"Lookahead point: 0.72, -0.39";"20";"ppo_training_node";"1761259529.190027339";"/home/ROS/ros_ws/install/ppo_training/lib/python3.10/site-packages/ppo_training/env_wrapper.py:compute_lookahead:279"
"Lookahead point: 0.72, -0.39";"20";"ppo_training_node";"1761259529.083158610";"/home/ROS/ros_ws/install/ppo_training/lib/python3.10/site-packages/ppo_training/env_wrapper.py:compute_lookahead:279"
"Lookahead point: 0.72, -0.39";"20";"ppo_training_node";"1761259528.978244169";"/home/ROS/ros_ws/install/ppo_training/lib/python3.10/site-packages/ppo_training/env_wrapper.py:compute_lookahead:279"
"Lookahead point: 0.72, -0.39";"20";"ppo_training_node";"1761259528.872433950";"/home/ROS/ros_ws/install/ppo_training/lib/python3.10/site-packages/ppo_training/env_wrapper.py:compute_lookahead:279"
"Lookahead point: 0.72, -0.39";"20";"ppo_training_node";"1761259528.766531191";"/home/ROS/ros_ws/install/ppo_training/lib/python3.10/site-packages/ppo_training/env_wrapper.py:compute_lookahead:279"
"Lookahead point: 0.72, -0.39";"20";"ppo_training_node";"1761259528.660379660";"/home/ROS/ros_ws/install/ppo_training/lib/python3.10/site-packages/ppo_training/env_wrapper.py:compute_lookahead:279"
"Lookahead point: 0.72, -0.39";"20";"ppo_training_node";"1761259528.553906231";"/home/ROS/ros_ws/install/ppo_training/lib/python3.10/site-packages/ppo_training/env_wrapper.py:compute_lookahead:279"
"Lookahead point: 0.72, -0.39";"20";"ppo_training_node";"1761259528.447344175";"/home/ROS/ros_ws/install/ppo_training/lib/python3.10/site-packages/ppo_training/env_wrapper.py:compute_lookahead:279"
"Lookahead point: 0.72, -0.39";"20";"ppo_training_node";"1761259528.341196345";"/home/ROS/ros_ws/install/ppo_training/lib/python3.10/site-packages/ppo_training/env_wrapper.py:compute_lookahead:279"
"Lookahead point: 0.72, -0.39";"20";"ppo_training_node";"1761259528.234624790";"/home/ROS/ros_ws/install/ppo_training/lib/python3.10/site-packages/ppo_training/env_wrapper.py:compute_lookahead:279"
"Lookahead point: 0.72, -0.39";"20";"ppo_training_node";"1761259528.128591988";"/home/ROS/ros_ws/install/ppo_training/lib/python3.10/site-packages/ppo_training/env_wrapper.py:compute_lookahead:279"
"Lookahead point: 0.72, -0.39";"20";"ppo_training_node";"1761259528.021765514";"/home/ROS/ros_ws/install/ppo_training/lib/python3.10/site-packages/ppo_training/env_wrapper.py:compute_lookahead:279"
"Lookahead point: 0.72, -0.39";"20";"ppo_training_node";"1761259527.915088221";"/home/ROS/ros_ws/install/ppo_training/lib/python3.10/site-packages/ppo_training/env_wrapper.py:compute_lookahead:279"
"Lookahead point: 0.72, -0.39";"20";"ppo_training_node";"1761259527.809743562";"/home/ROS/ros_ws/install/ppo_training/lib/python3.10/site-packages/ppo_training/env_wrapper.py:compute_lookahead:279"
"Lookahead point: 0.72, -0.39";"20";"ppo_training_node";"1761259527.703656495";"/home/ROS/ros_ws/install/ppo_training/lib/python3.10/site-packages/ppo_training/env_wrapper.py:compute_lookahead:279"
"Lookahead point: 0.72, -0.39";"20";"ppo_training_node";"1761259527.596273739";"/home/ROS/ros_ws/install/ppo_training/lib/python3.10/site-packages/ppo_training/env_wrapper.py:compute_lookahead:279"
"Lookahead point: 0.72, -0.39";"20";"ppo_training_node";"1761259527.490778364";"/home/ROS/ros_ws/install/ppo_training/lib/python3.10/site-packages/ppo_training/env_wrapper.py:compute_lookahead:279"
"Lookahead point: 0.72, -0.39";"20";"ppo_training_node";"1761259527.385337185";"/home/ROS/ros_ws/install/ppo_training/lib/python3.10/site-packages/ppo_training/env_wrapper.py:compute_lookahead:279"
"Lookahead point: 0.72, -0.39";"20";"ppo_training_node";"1761259527.278973198";"/home/ROS/ros_ws/install/ppo_training/lib/python3.10/site-packages/ppo_training/env_wrapper.py:compute_lookahead:279"
"Lookahead point: 0.72, -0.39";"20";"ppo_training_node";"1761259527.173426839";"/home/ROS/ros_ws/install/ppo_training/lib/python3.10/site-packages/ppo_training/env_wrapper.py:compute_lookahead:279"
"Lookahead point: 0.72, -0.39";"20";"ppo_training_node";"1761259527.068189736";"/home/ROS/ros_ws/install/ppo_training/lib/python3.10/site-packages/ppo_training/env_wrapper.py:compute_lookahead:279"
"Lookahead point: 0.72, -0.39";"20";"ppo_training_node";"1761259526.963083095";"/home/ROS/ros_ws/install/ppo_training/lib/python3.10/site-packages/ppo_training/env_wrapper.py:compute_lookahead:279"
"Lookahead point: 0.72, -0.39";"20";"ppo_training_node";"1761259526.857684521";"/home/ROS/ros_ws/install/ppo_training/lib/python3.10/site-packages/ppo_training/env_wrapper.py:compute_lookahead:279"
"Lookahead point: 0.72, -0.39";"20";"ppo_training_node";"1761259526.751112270";"/home/ROS/ros_ws/install/ppo_training/lib/python3.10/site-packages/ppo_training/env_wrapper.py:compute_lookahead:279"
"Lookahead point: 0.72, -0.39";"20";"ppo_training_node";"1761259526.644890480";"/home/ROS/ros_ws/install/ppo_training/lib/python3.10/site-packages/ppo_training/env_wrapper.py:compute_lookahead:279"
"Lookahead point: 0.72, -0.39";"20";"ppo_training_node";"1761259526.539678032";"/home/ROS/ros_ws/install/ppo_training/lib/python3.10/site-packages/ppo_training/env_wrapper.py:compute_lookahead:279"
"Lookahead point: 0.72, -0.39";"20";"ppo_training_node";"1761259526.433803701";"/home/ROS/ros_ws/install/ppo_training/lib/python3.10/site-packages/ppo_training/env_wrapper.py:compute_lookahead:279"
"Lookahead point: 0.72, -0.39";"20";"ppo_training_node";"1761259526.327944246";"/home/ROS/ros_ws/install/ppo_training/lib/python3.10/site-packages/ppo_training/env_wrapper.py:compute_lookahead:279"
"Lookahead point: 0.72, -0.39";"20";"ppo_training_node";"1761259526.221830780";"/home/ROS/ros_ws/install/ppo_training/lib/python3.10/site-packages/ppo_training/env_wrapper.py:compute_lookahead:279"
"Lookahead point: 0.72, -0.39";"20";"ppo_training_node";"1761259526.115005077";"/home/ROS/ros_ws/install/ppo_training/lib/python3.10/site-packages/ppo_training/env_wrapper.py:compute_lookahead:279"
"Lookahead point: 0.72, -0.39";"20";"ppo_training_node";"1761259526.008978702";"/home/ROS/ros_ws/install/ppo_training/lib/python3.10/site-packages/ppo_training/env_wrapper.py:compute_lookahead:279"
"Lookahead point: 0.72, -0.39";"20";"ppo_training_node";"1761259525.902517499";"/home/ROS/ros_ws/install/ppo_training/lib/python3.10/site-packages/ppo_training/env_wrapper.py:compute_lookahead:279"
"Lookahead point: 0.72, -0.39";"20";"ppo_training_node";"1761259525.797172773";"/home/ROS/ros_ws/install/ppo_training/lib/python3.10/site-packages/ppo_training/env_wrapper.py:compute_lookahead:279"
"Lookahead point: 0.72, -0.39";"20";"ppo_training_node";"1761259525.691716930";"/home/ROS/ros_ws/install/ppo_training/lib/python3.10/site-packages/ppo_training/env_wrapper.py:compute_lookahead:279"
"Lookahead point: 0.72, -0.39";"20";"ppo_training_node";"1761259525.585883737";"/home/ROS/ros_ws/install/ppo_training/lib/python3.10/site-packages/ppo_training/env_wrapper.py:compute_lookahead:279"
"Lookahead point: 0.72, -0.39";"20";"ppo_training_node";"1761259525.479109088";"/home/ROS/ros_ws/install/ppo_training/lib/python3.10/site-packages/ppo_training/env_wrapper.py:compute_lookahead:279"
"Lookahead point: 0.72, -0.39";"20";"ppo_training_node";"1761259525.373036271";"/home/ROS/ros_ws/install/ppo_training/lib/python3.10/site-packages/ppo_training/env_wrapper.py:compute_lookahead:279"
"Lookahead point: 0.72, -0.39";"20";"ppo_training_node";"1761259525.267611298";"/home/ROS/ros_ws/install/ppo_training/lib/python3.10/site-packages/ppo_training/env_wrapper.py:compute_lookahead:279"
"Lookahead point: 0.72, -0.39";"20";"ppo_training_node";"1761259525.162173823";"/home/ROS/ros_ws/install/ppo_training/lib/python3.10/site-packages/ppo_training/env_wrapper.py:compute_lookahead:279"
"Lookahead point: 0.72, -0.39";"20";"ppo_training_node";"1761259525.056709948";"/home/ROS/ros_ws/install/ppo_training/lib/python3.10/site-packages/ppo_training/env_wrapper.py:compute_lookahead:279"
"Lookahead point: 0.72, -0.39";"20";"ppo_training_node";"1761259524.950867536";"/home/ROS/ros_ws/install/ppo_training/lib/python3.10/site-packages/ppo_training/env_wrapper.py:compute_lookahead:279"
"Lookahead point: 0.72, -0.39";"20";"ppo_training_node";"1761259524.845539713";"/home/ROS/ros_ws/install/ppo_training/lib/python3.10/site-packages/ppo_training/env_wrapper.py:compute_lookahead:279"
"Lookahead point: 0.72, -0.39";"20";"ppo_training_node";"1761259524.739476884";"/home/ROS/ros_ws/install/ppo_training/lib/python3.10/site-packages/ppo_training/env_wrapper.py:compute_lookahead:279"
"Lookahead point: 0.72, -0.39";"20";"ppo_training_node";"1761259524.633522797";"/home/ROS/ros_ws/install/ppo_training/lib/python3.10/site-packages/ppo_training/env_wrapper.py:compute_lookahead:279"
"Lookahead point: 0.72, -0.39";"20";"ppo_training_node";"1761259524.527421974";"/home/ROS/ros_ws/install/ppo_training/lib/python3.10/site-packages/ppo_training/env_wrapper.py:compute_lookahead:279"
"Lookahead point: 0.72, -0.39";"20";"ppo_training_node";"1761259524.420968246";"/home/ROS/ros_ws/install/ppo_training/lib/python3.10/site-packages/ppo_training/env_wrapper.py:compute_lookahead:279"
"Lookahead point: 0.72, -0.39";"20";"ppo_training_node";"1761259524.314825170";"/home/ROS/ros_ws/install/ppo_training/lib/python3.10/site-packages/ppo_training/env_wrapper.py:compute_lookahead:279"
"Lookahead point: 0.72, -0.39";"20";"ppo_training_node";"1761259524.208882746";"/home/ROS/ros_ws/install/ppo_training/lib/python3.10/site-packages/ppo_training/env_wrapper.py:compute_lookahead:279"
"Lookahead point: 0.72, -0.39";"20";"ppo_training_node";"1761259524.103290505";"/home/ROS/ros_ws/install/ppo_training/lib/python3.10/site-packages/ppo_training/env_wrapper.py:compute_lookahead:279"
"Lookahead point: 0.72, -0.39";"20";"ppo_training_node";"1761259523.998251334";"/home/ROS/ros_ws/install/ppo_training/lib/python3.10/site-packages/ppo_training/env_wrapper.py:compute_lookahead:279"
"Lookahead point: 0.72, -0.39";"20";"ppo_training_node";"1761259523.892553704";"/home/ROS/ros_ws/install/ppo_training/lib/python3.10/site-packages/ppo_training/env_wrapper.py:compute_lookahead:279"
"Lookahead point: 0.72, -0.39";"20";"ppo_training_node";"1761259523.787096886";"/home/ROS/ros_ws/install/ppo_training/lib/python3.10/site-packages/ppo_training/env_wrapper.py:compute_lookahead:279"
"Lookahead point: 0.72, -0.39";"20";"ppo_training_node";"1761259523.681078826";"/home/ROS/ros_ws/install/ppo_training/lib/python3.10/site-packages/ppo_training/env_wrapper.py:compute_lookahead:279"
"Lookahead point: 0.72, -0.39";"20";"ppo_training_node";"1761259523.573738818";"/home/ROS/ros_ws/install/ppo_training/lib/python3.10/site-packages/ppo_training/env_wrapper.py:compute_lookahead:279"
"Lookahead point: 0.72, -0.39";"20";"ppo_training_node";"1761259523.468463656";"/home/ROS/ros_ws/install/ppo_training/lib/python3.10/site-packages/ppo_training/env_wrapper.py:compute_lookahead:279"
"Lookahead point: 0.72, -0.39";"20";"ppo_training_node";"1761259523.362544141";"/home/ROS/ros_ws/install/ppo_training/lib/python3.10/site-packages/ppo_training/env_wrapper.py:compute_lookahead:279"
"Lookahead point: 0.72, -0.39";"20";"ppo_training_node";"1761259523.256802721";"/home/ROS/ros_ws/install/ppo_training/lib/python3.10/site-packages/ppo_training/env_wrapper.py:compute_lookahead:279"
"Lookahead point: 0.72, -0.39";"20";"ppo_training_node";"1761259523.150905766";"/home/ROS/ros_ws/install/ppo_training/lib/python3.10/site-packages/ppo_training/env_wrapper.py:compute_lookahead:279"
"Lookahead point: 0.72, -0.39";"20";"ppo_training_node";"1761259523.043742734";"/home/ROS/ros_ws/install/ppo_training/lib/python3.10/site-packages/ppo_training/env_wrapper.py:compute_lookahead:279"
"Lookahead point: 0.72, -0.39";"20";"ppo_training_node";"1761259522.937900115";"/home/ROS/ros_ws/install/ppo_training/lib/python3.10/site-packages/ppo_training/env_wrapper.py:compute_lookahead:279"
"Lookahead point: 0.72, -0.39";"20";"ppo_training_node";"1761259522.832688859";"/home/ROS/ros_ws/install/ppo_training/lib/python3.10/site-packages/ppo_training/env_wrapper.py:compute_lookahead:279"
"Lookahead point: 0.72, -0.39";"20";"ppo_training_node";"1761259522.726126670";"/home/ROS/ros_ws/install/ppo_training/lib/python3.10/site-packages/ppo_training/env_wrapper.py:compute_lookahead:279"
"Lookahead point: 0.72, -0.39";"20";"ppo_training_node";"1761259522.620204572";"/home/ROS/ros_ws/install/ppo_training/lib/python3.10/site-packages/ppo_training/env_wrapper.py:compute_lookahead:279"
"Lookahead point: 0.72, -0.39";"20";"ppo_training_node";"1761259522.514305732";"/home/ROS/ros_ws/install/ppo_training/lib/python3.10/site-packages/ppo_training/env_wrapper.py:compute_lookahead:279"
"Lookahead point: 0.72, -0.39";"20";"ppo_training_node";"1761259522.408184868";"/home/ROS/ros_ws/install/ppo_training/lib/python3.10/site-packages/ppo_training/env_wrapper.py:compute_lookahead:279"
"Lookahead point: 0.72, -0.39";"20";"ppo_training_node";"1761259522.301561847";"/home/ROS/ros_ws/install/ppo_training/lib/python3.10/site-packages/ppo_training/env_wrapper.py:compute_lookahead:279"
"Lookahead point: 0.72, -0.39";"20";"ppo_training_node";"1761259522.195392094";"/home/ROS/ros_ws/install/ppo_training/lib/python3.10/site-packages/ppo_training/env_wrapper.py:compute_lookahead:279"
"Lookahead point: 0.72, -0.39";"20";"ppo_training_node";"1761259522.089812706";"/home/ROS/ros_ws/install/ppo_training/lib/python3.10/site-packages/ppo_training/env_wrapper.py:compute_lookahead:279"
"Lookahead point: 0.72, -0.39";"20";"ppo_training_node";"1761259521.983965199";"/home/ROS/ros_ws/install/ppo_training/lib/python3.10/site-packages/ppo_training/env_wrapper.py:compute_lookahead:279"
"Goal ACEITO. Aguardando resultado...";"20";"goal_spawner_node";"1761259521.910799740";"/home/ROS/ros_ws/install/ppo_training/lib/python3.10/site-packages/ppo_training/goal_spawner.py:_on_goal_response:193"
"Resultado da navegação: status=6";"20";"goal_spawner_node";"1761259521.910265108";"/home/ROS/ros_ws/install/ppo_training/lib/python3.10/site-packages/ppo_training/goal_spawner.py:_on_result:205"
"Goal ACEITO. Aguardando resultado...";"20";"goal_spawner_node";"1761259521.908404267";"/home/ROS/ros_ws/install/ppo_training/lib/python3.10/site-packages/ppo_training/goal_spawner.py:_on_goal_response:193"
"Lookahead point: 0.72, -0.39";"20";"ppo_training_node";"1761259521.878313388";"/home/ROS/ros_ws/install/ppo_training/lib/python3.10/site-packages/ppo_training/env_wrapper.py:compute_lookahead:279"
"Lookahead point: 0.72, -0.39";"20";"ppo_training_node";"1761259521.772341355";"/home/ROS/ros_ws/install/ppo_training/lib/python3.10/site-packages/ppo_training/env_wrapper.py:compute_lookahead:279"
"Lookahead point: 0.72, -0.39";"20";"ppo_training_node";"1761259521.666023192";"/home/ROS/ros_ws/install/ppo_training/lib/python3.10/site-packages/ppo_training/env_wrapper.py:compute_lookahead:279"
"Lookahead point: 0.72, -0.39";"20";"ppo_training_node";"1761259521.559603479";"/home/ROS/ros_ws/install/ppo_training/lib/python3.10/site-packages/ppo_training/env_wrapper.py:compute_lookahead:279"
"[compute_path_to_pose] [ActionServer] Client requested to cancel the goal. Cancelling.";"20";"planner_server";"1761259521.527970304";"/opt/ros/humble/include/nav2_util/simple_action_server.hpp:info_msg:575"
"Planning algorithm GridBased failed to generate a valid path to (8.00, 0.00)";"30";"planner_server";"1761259521.527897390";"./src/planner_server.cpp:validatePath:341"
"GridBased: failed to create plan with tolerance 0.50.";"30";"planner_server";"1761259521.527578706";"./src/navfn_planner.cpp:createPlan:175"
"Lookahead point: 0.72, -0.39";"20";"ppo_training_node";"1761259521.454078429";"/home/ROS/ros_ws/install/ppo_training/lib/python3.10/site-packages/ppo_training/env_wrapper.py:compute_lookahead:279"
"Turning 1.57 for spin behavior.";"20";"behavior_server";"1761259521.399140883";"./plugins/spin.cpp:onRun:89"
"Running spin";"20";"behavior_server";"1761259521.398993310";"./include/nav2_behaviors/timed_behavior.hpp:execute:187"
"Received request to clear entirely the global_costmap";"20";"global_costmap.global_costmap";"1761259521.398258444";"./src/clear_costmap_service.cpp:clearEntireCallback:95"
"Received request to clear entirely the local_costmap";"20";"local_costmap.local_costmap";"1761259521.397636930";"./src/clear_costmap_service.cpp:clearEntireCallback:95"
"Failed to get result for compute_path_to_pose in node halt!";"40";"bt_navigator_navigate_to_pose_rclcpp_node";"1761259521.397206221";"./include/nav2_behavior_tree/bt_action_node.hpp:halt:321"
"[follow_path] [ActionServer] Aborting handle.";"30";"controller_server";"1761259521.357994889";"/opt/ros/humble/include/nav2_util/simple_action_server.hpp:warn_msg:605"
"Invalid path, Path is empty.";"40";"controller_server";"1761259521.357840331";"./src/controller_server.cpp:computeControl:420"
"Received a goal, begin computing control effort.";"20";"controller_server";"1761259521.357612790";"./src/controller_server.cpp:computeControl:359"
"Received request to clear entirely the local_costmap";"20";"local_costmap.local_costmap";"1761259521.356815416";"./src/clear_costmap_service.cpp:clearEntireCallback:95"
"Lookahead point: 0.72, -0.39";"20";"ppo_training_node";"1761259521.348067774";"/home/ROS/ros_ws/install/ppo_training/lib/python3.10/site-packages/ppo_training/env_wrapper.py:compute_lookahead:279"
"[follow_path] [ActionServer] Aborting handle.";"30";"controller_server";"1761259521.328194129";"/opt/ros/humble/include/nav2_util/simple_action_server.hpp:warn_msg:605"
"Invalid path, Path is empty.";"40";"controller_server";"1761259521.328093558";"./src/controller_server.cpp:computeControl:420"
"Passing new path to controller.";"20";"controller_server";"1761259521.327760138";"./src/controller_server.cpp:updateGlobalPath:536"
"RL service unavailable (timeout). Falling back to zero cmd.";"30";"controller_server";"1761259521.278111713";"/home/ROS/ros_ws/src/nav2_rl_controller/src/rl_controller.cpp:computeVelocityCommands:145"
"Lookahead point: 0.72, -0.39";"20";"ppo_training_node";"1761259521.242437055";"/home/ROS/ros_ws/install/ppo_training/lib/python3.10/site-packages/ppo_training/env_wrapper.py:compute_lookahead:279"
"Received request to clear entirely the global_costmap";"20";"global_costmap.global_costmap";"1761259521.236682165";"./src/clear_costmap_service.cpp:clearEntireCallback:95"
"[compute_path_to_pose] [ActionServer] Aborting handle.";"30";"planner_server";"1761259521.217162613";"/opt/ros/humble/include/nav2_util/simple_action_server.hpp:warn_msg:605"
"Planning algorithm GridBased failed to generate a valid path to (8.00, 0.00)";"30";"planner_server";"1761259521.217128740";"./src/planner_server.cpp:validatePath:341"
"GridBased: failed to create plan with tolerance 0.50.";"30";"planner_server";"1761259521.217031382";"./src/navfn_planner.cpp:createPlan:175"
"RL service unavailable (timeout). Falling back to zero cmd.";"30";"controller_server";"1761259521.178069452";"/home/ROS/ros_ws/src/nav2_rl_controller/src/rl_controller.cpp:computeVelocityCommands:145"
"Lookahead point: 0.72, -0.39";"20";"ppo_training_node";"1761259521.135896378";"/home/ROS/ros_ws/install/ppo_training/lib/python3.10/site-packages/ppo_training/env_wrapper.py:compute_lookahead:279"
"RL service unavailable (timeout). Falling back to zero cmd.";"30";"controller_server";"1761259521.078029007";"/home/ROS/ros_ws/src/nav2_rl_controller/src/rl_controller.cpp:computeVelocityCommands:145"
"Lookahead point: 0.72, -0.39";"20";"ppo_training_node";"1761259521.028749622";"/home/ROS/ros_ws/install/ppo_training/lib/python3.10/site-packages/ppo_training/env_wrapper.py:compute_lookahead:279"
"RL service unavailable (timeout). Falling back to zero cmd.";"30";"controller_server";"1761259520.978057984";"/home/ROS/ros_ws/src/nav2_rl_controller/src/rl_controller.cpp:computeVelocityCommands:145"
"Lookahead point: 0.72, -0.39";"20";"ppo_training_node";"1761259520.921923506";"/home/ROS/ros_ws/install/ppo_training/lib/python3.10/site-packages/ppo_training/env_wrapper.py:compute_lookahead:279"
"RL service unavailable (timeout). Falling back to zero cmd.";"30";"controller_server";"1761259520.878157012";"/home/ROS/ros_ws/src/nav2_rl_controller/src/rl_controller.cpp:computeVelocityCommands:145"
"Lookahead point: 0.72, -0.39";"20";"ppo_training_node";"1761259520.814780243";"/home/ROS/ros_ws/install/ppo_training/lib/python3.10/site-packages/ppo_training/env_wrapper.py:compute_lookahead:279"
"RL service unavailable (timeout). Falling back to zero cmd.";"30";"controller_server";"1761259520.778025915";"/home/ROS/ros_ws/src/nav2_rl_controller/src/rl_controller.cpp:computeVelocityCommands:145"
"Lookahead point: 0.72, -0.39";"20";"ppo_training_node";"1761259520.708846345";"/home/ROS/ros_ws/install/ppo_training/lib/python3.10/site-packages/ppo_training/env_wrapper.py:compute_lookahead:279"
"RL service unavailable (timeout). Falling back to zero cmd.";"30";"controller_server";"1761259520.678044626";"/home/ROS/ros_ws/src/nav2_rl_controller/src/rl_controller.cpp:computeVelocityCommands:145"
"Lookahead point: 0.72, -0.39";"20";"ppo_training_node";"1761259520.603377169";"/home/ROS/ros_ws/install/ppo_training/lib/python3.10/site-packages/ppo_training/env_wrapper.py:compute_lookahead:279"
"RL service unavailable (timeout). Falling back to zero cmd.";"30";"controller_server";"1761259520.578203927";"/home/ROS/ros_ws/src/nav2_rl_controller/src/rl_controller.cpp:computeVelocityCommands:145"
"Lookahead point: 0.72, -0.39";"20";"ppo_training_node";"1761259520.497850164";"/home/ROS/ros_ws/install/ppo_training/lib/python3.10/site-packages/ppo_training/env_wrapper.py:compute_lookahead:279"
"RL service unavailable (timeout). Falling back to zero cmd.";"30";"controller_server";"1761259520.478042937";"/home/ROS/ros_ws/src/nav2_rl_controller/src/rl_controller.cpp:computeVelocityCommands:145"
"Lookahead point: 0.72, -0.39";"20";"ppo_training_node";"1761259520.392161058";"/home/ROS/ros_ws/install/ppo_training/lib/python3.10/site-packages/ppo_training/env_wrapper.py:compute_lookahead:279"
"RL service unavailable (timeout). Falling back to zero cmd.";"30";"controller_server";"1761259520.378009757";"/home/ROS/ros_ws/src/nav2_rl_controller/src/rl_controller.cpp:computeVelocityCommands:145"
"Lookahead point: 0.72, -0.39";"20";"ppo_training_node";"1761259520.286049485";"/home/ROS/ros_ws/install/ppo_training/lib/python3.10/site-packages/ppo_training/env_wrapper.py:compute_lookahead:279"
"RL service unavailable (timeout). Falling back to zero cmd.";"30";"controller_server";"1761259520.278325781";"/home/ROS/ros_ws/src/nav2_rl_controller/src/rl_controller.cpp:computeVelocityCommands:145"
"Passing new path to controller.";"20";"controller_server";"1761259520.227780879";"./src/controller_server.cpp:updateGlobalPath:536"
"Lookahead point: 0.72, -0.39";"20";"ppo_training_node";"1761259520.180132838";"/home/ROS/ros_ws/install/ppo_training/lib/python3.10/site-packages/ppo_training/env_wrapper.py:compute_lookahead:279"
"RL service unavailable (timeout). Falling back to zero cmd.";"30";"controller_server";"1761259520.178017567";"/home/ROS/ros_ws/src/nav2_rl_controller/src/rl_controller.cpp:computeVelocityCommands:145"
"RL service unavailable (timeout). Falling back to zero cmd.";"30";"controller_server";"1761259520.078086773";"/home/ROS/ros_ws/src/nav2_rl_controller/src/rl_controller.cpp:computeVelocityCommands:145"
"Lookahead point: 0.72, -0.39";"20";"ppo_training_node";"1761259520.073788066";"/home/ROS/ros_ws/install/ppo_training/lib/python3.10/site-packages/ppo_training/env_wrapper.py:compute_lookahead:279"
"RL service unavailable (timeout). Falling back to zero cmd.";"30";"controller_server";"1761259519.978074894";"/home/ROS/ros_ws/src/nav2_rl_controller/src/rl_controller.cpp:computeVelocityCommands:145"
"Lookahead point: 0.72, -0.39";"20";"ppo_training_node";"1761259519.967492462";"/home/ROS/ros_ws/install/ppo_training/lib/python3.10/site-packages/ppo_training/env_wrapper.py:compute_lookahead:279"
"Begin navigating from current location (2.48, 0.35) to (8.00, 0.00)";"20";"bt_navigator";"1761259519.916966488";"./src/navigators/navigate_to_pose.cpp:initializeGoalPose:213"
"Received goal preemption request";"20";"bt_navigator";"1761259519.916649760";"./src/navigators/navigate_to_pose.cpp:onPreempt:182"
"Enviando goal para navigate_to_pose...";"20";"goal_spawner_node";"1761259519.906048890";"/home/ROS/ros_ws/install/ppo_training/lib/python3.10/site-packages/ppo_training/goal_spawner.py:_send_navigate_action:174"
"spawn_entity: serviço não disponível ou falhou: call_timeout";"30";"goal_spawner_node";"1761259519.905097168";"/home/ROS/ros_ws/install/ppo_training/lib/python3.10/site-packages/ppo_training/goal_spawner.py:spawn_entity:158"
"RL service unavailable (timeout). Falling back to zero cmd.";"30";"controller_server";"1761259519.878122730";"/home/ROS/ros_ws/src/nav2_rl_controller/src/rl_controller.cpp:computeVelocityCommands:145"
"Lookahead point: 0.72, -0.39";"20";"ppo_training_node";"1761259519.862011135";"/home/ROS/ros_ws/install/ppo_training/lib/python3.10/site-packages/ppo_training/env_wrapper.py:compute_lookahead:279"
"RL service unavailable (timeout). Falling back to zero cmd.";"30";"controller_server";"1761259519.778138230";"/home/ROS/ros_ws/src/nav2_rl_controller/src/rl_controller.cpp:computeVelocityCommands:145"
"Lookahead point: 0.72, -0.39";"20";"ppo_training_node";"1761259519.756039594";"/home/ROS/ros_ws/install/ppo_training/lib/python3.10/site-packages/ppo_training/env_wrapper.py:compute_lookahead:279"
"RL service unavailable (timeout). Falling back to zero cmd.";"30";"controller_server";"1761259519.678276999";"/home/ROS/ros_ws/src/nav2_rl_controller/src/rl_controller.cpp:computeVelocityCommands:145"
"Lookahead point: 0.72, -0.39";"20";"ppo_training_node";"1761259519.650501066";"/home/ROS/ros_ws/install/ppo_training/lib/python3.10/site-packages/ppo_training/env_wrapper.py:compute_lookahead:279"
"RL service unavailable (timeout). Falling back to zero cmd.";"30";"controller_server";"1761259519.578003287";"/home/ROS/ros_ws/src/nav2_rl_controller/src/rl_controller.cpp:computeVelocityCommands:145"
"Lookahead point: 0.72, -0.39";"20";"ppo_training_node";"1761259519.539216729";"/home/ROS/ros_ws/install/ppo_training/lib/python3.10/site-packages/ppo_training/env_wrapper.py:compute_lookahead:279"
"RL service unavailable (timeout). Falling back to zero cmd.";"30";"controller_server";"1761259519.478172926";"/home/ROS/ros_ws/src/nav2_rl_controller/src/rl_controller.cpp:computeVelocityCommands:145"
"Lookahead point: 0.72, -0.39";"20";"ppo_training_node";"1761259519.432039455";"/home/ROS/ros_ws/install/ppo_training/lib/python3.10/site-packages/ppo_training/env_wrapper.py:compute_lookahead:279"
"RL service unavailable (timeout). Falling back to zero cmd.";"30";"controller_server";"1761259519.378072909";"/home/ROS/ros_ws/src/nav2_rl_controller/src/rl_controller.cpp:computeVelocityCommands:145"
"Lookahead point: 0.72, -0.39";"20";"ppo_training_node";"1761259519.325020999";"/home/ROS/ros_ws/install/ppo_training/lib/python3.10/site-packages/ppo_training/env_wrapper.py:compute_lookahead:279"
"RL service unavailable (timeout). Falling back to zero cmd.";"30";"controller_server";"1761259519.278115716";"/home/ROS/ros_ws/src/nav2_rl_controller/src/rl_controller.cpp:computeVelocityCommands:145"
"Lookahead point: 0.72, -0.39";"20";"ppo_training_node";"1761259519.218150675";"/home/ROS/ros_ws/install/ppo_training/lib/python3.10/site-packages/ppo_training/env_wrapper.py:compute_lookahead:279"
"RL service unavailable (timeout). Falling back to zero cmd.";"30";"controller_server";"1761259519.178088683";"/home/ROS/ros_ws/src/nav2_rl_controller/src/rl_controller.cpp:computeVelocityCommands:145"
"Lookahead point: 0.72, -0.39";"20";"ppo_training_node";"1761259519.111961859";"/home/ROS/ros_ws/install/ppo_training/lib/python3.10/site-packages/ppo_training/env_wrapper.py:compute_lookahead:279"
"RL service unavailable (timeout). Falling back to zero cmd.";"30";"controller_server";"1761259519.078181287";"/home/ROS/ros_ws/src/nav2_rl_controller/src/rl_controller.cpp:computeVelocityCommands:145"
"Lookahead point: 0.72, -0.39";"20";"ppo_training_node";"1761259519.005230450";"/home/ROS/ros_ws/install/ppo_training/lib/python3.10/site-packages/ppo_training/env_wrapper.py:compute_lookahead:279"
"RL service unavailable (timeout). Falling back to zero cmd.";"30";"controller_server";"1761259518.978081200";"/home/ROS/ros_ws/src/nav2_rl_controller/src/rl_controller.cpp:computeVelocityCommands:145"
"Lookahead point: 0.72, -0.39";"20";"ppo_training_node";"1761259518.897922574";"/home/ROS/ros_ws/install/ppo_training/lib/python3.10/site-packages/ppo_training/env_wrapper.py:compute_lookahead:279"
"RL service unavailable (timeout). Falling back to zero cmd.";"30";"controller_server";"1761259518.878075469";"/home/ROS/ros_ws/src/nav2_rl_controller/src/rl_controller.cpp:computeVelocityCommands:145"
"Lookahead point: 0.72, -0.39";"20";"ppo_training_node";"1761259518.790773028";"/home/ROS/ros_ws/install/ppo_training/lib/python3.10/site-packages/ppo_training/env_wrapper.py:compute_lookahead:279"
"RL service unavailable (timeout). Falling back to zero cmd.";"30";"controller_server";"1761259518.778133503";"/home/ROS/ros_ws/src/nav2_rl_controller/src/rl_controller.cpp:computeVelocityCommands:145"
"Lookahead point: 0.72, -0.39";"20";"ppo_training_node";"1761259518.683304798";"/home/ROS/ros_ws/install/ppo_training/lib/python3.10/site-packages/ppo_training/env_wrapper.py:compute_lookahead:279"
"RL service unavailable (timeout). Falling back to zero cmd.";"30";"controller_server";"1761259518.678063798";"/home/ROS/ros_ws/src/nav2_rl_controller/src/rl_controller.cpp:computeVelocityCommands:145"
"RL service unavailable (timeout). Falling back to zero cmd.";"30";"controller_server";"1761259518.578009179";"/home/ROS/ros_ws/src/nav2_rl_controller/src/rl_controller.cpp:computeVelocityCommands:145"
"Lookahead point: 0.72, -0.39";"20";"ppo_training_node";"1761259518.575894746";"/home/ROS/ros_ws/install/ppo_training/lib/python3.10/site-packages/ppo_training/env_wrapper.py:compute_lookahead:279"
"RL service unavailable (timeout). Falling back to zero cmd.";"30";"controller_server";"1761259518.478181123";"/home/ROS/ros_ws/src/nav2_rl_controller/src/rl_controller.cpp:computeVelocityCommands:145"
"Lookahead point: 0.72, -0.39";"20";"ppo_training_node";"1761259518.469464980";"/home/ROS/ros_ws/install/ppo_training/lib/python3.10/site-packages/ppo_training/env_wrapper.py:compute_lookahead:279"
"RL service unavailable (timeout). Falling back to zero cmd.";"30";"controller_server";"1761259518.378152904";"/home/ROS/ros_ws/src/nav2_rl_controller/src/rl_controller.cpp:computeVelocityCommands:145"
"Lookahead point: 0.72, -0.39";"20";"ppo_training_node";"1761259518.362286240";"/home/ROS/ros_ws/install/ppo_training/lib/python3.10/site-packages/ppo_training/env_wrapper.py:compute_lookahead:279"
"RL service unavailable (timeout). Falling back to zero cmd.";"30";"controller_server";"1761259518.278105338";"/home/ROS/ros_ws/src/nav2_rl_controller/src/rl_controller.cpp:computeVelocityCommands:145"
"Lookahead point: 0.72, -0.39";"20";"ppo_training_node";"1761259518.256412757";"/home/ROS/ros_ws/install/ppo_training/lib/python3.10/site-packages/ppo_training/env_wrapper.py:compute_lookahead:279"
"RL service unavailable (timeout). Falling back to zero cmd.";"30";"controller_server";"1761259518.178163652";"/home/ROS/ros_ws/src/nav2_rl_controller/src/rl_controller.cpp:computeVelocityCommands:145"
"Lookahead point: 0.72, -0.39";"20";"ppo_training_node";"1761259518.150483471";"/home/ROS/ros_ws/install/ppo_training/lib/python3.10/site-packages/ppo_training/env_wrapper.py:compute_lookahead:279"
"RL service unavailable (timeout). Falling back to zero cmd.";"30";"controller_server";"1761259518.078170352";"/home/ROS/ros_ws/src/nav2_rl_controller/src/rl_controller.cpp:computeVelocityCommands:145"
"Lookahead point: 0.72, -0.39";"20";"ppo_training_node";"1761259518.044350180";"/home/ROS/ros_ws/install/ppo_training/lib/python3.10/site-packages/ppo_training/env_wrapper.py:compute_lookahead:279"
"RL service unavailable (timeout). Falling back to zero cmd.";"30";"controller_server";"1761259517.978136127";"/home/ROS/ros_ws/src/nav2_rl_controller/src/rl_controller.cpp:computeVelocityCommands:145"
"Lookahead point: 0.72, -0.39";"20";"ppo_training_node";"1761259517.937994237";"/home/ROS/ros_ws/install/ppo_training/lib/python3.10/site-packages/ppo_training/env_wrapper.py:compute_lookahead:279"
"RL service unavailable (timeout). Falling back to zero cmd.";"30";"controller_server";"1761259517.878153584";"/home/ROS/ros_ws/src/nav2_rl_controller/src/rl_controller.cpp:computeVelocityCommands:145"
"Lookahead point: 0.72, -0.39";"20";"ppo_training_node";"1761259517.831110227";"/home/ROS/ros_ws/install/ppo_training/lib/python3.10/site-packages/ppo_training/env_wrapper.py:compute_lookahead:279"
"RL service unavailable (timeout). Falling back to zero cmd.";"30";"controller_server";"1761259517.778074033";"/home/ROS/ros_ws/src/nav2_rl_controller/src/rl_controller.cpp:computeVelocityCommands:145"
"Lookahead point: 0.72, -0.39";"20";"ppo_training_node";"1761259517.725353939";"/home/ROS/ros_ws/install/ppo_training/lib/python3.10/site-packages/ppo_training/env_wrapper.py:compute_lookahead:279"
"RL service unavailable (timeout). Falling back to zero cmd.";"30";"controller_server";"1761259517.678059224";"/home/ROS/ros_ws/src/nav2_rl_controller/src/rl_controller.cpp:computeVelocityCommands:145"
"Lookahead point: 0.72, -0.39";"20";"ppo_training_node";"1761259517.617170190";"/home/ROS/ros_ws/install/ppo_training/lib/python3.10/site-packages/ppo_training/env_wrapper.py:compute_lookahead:279"
"RL service unavailable (timeout). Falling back to zero cmd.";"30";"controller_server";"1761259517.578090371";"/home/ROS/ros_ws/src/nav2_rl_controller/src/rl_controller.cpp:computeVelocityCommands:145"
"Lookahead point: 0.72, -0.39";"20";"ppo_training_node";"1761259517.510030283";"/home/ROS/ros_ws/install/ppo_training/lib/python3.10/site-packages/ppo_training/env_wrapper.py:compute_lookahead:279"
"RL service unavailable (timeout). Falling back to zero cmd.";"30";"controller_server";"1761259517.478044273";"/home/ROS/ros_ws/src/nav2_rl_controller/src/rl_controller.cpp:computeVelocityCommands:145"
"Lookahead point: 0.72, -0.39";"20";"ppo_training_node";"1761259517.403626639";"/home/ROS/ros_ws/install/ppo_training/lib/python3.10/site-packages/ppo_training/env_wrapper.py:compute_lookahead:279"
"RL service unavailable (timeout). Falling back to zero cmd.";"30";"controller_server";"1761259517.378102448";"/home/ROS/ros_ws/src/nav2_rl_controller/src/rl_controller.cpp:computeVelocityCommands:145"
"Lookahead point: 0.72, -0.39";"20";"ppo_training_node";"1761259517.297619552";"/home/ROS/ros_ws/install/ppo_training/lib/python3.10/site-packages/ppo_training/env_wrapper.py:compute_lookahead:279"
"RL service unavailable (timeout). Falling back to zero cmd.";"30";"controller_server";"1761259517.278021569";"/home/ROS/ros_ws/src/nav2_rl_controller/src/rl_controller.cpp:computeVelocityCommands:145"
"Lookahead point: 0.72, -0.39";"20";"ppo_training_node";"1761259517.191370815";"/home/ROS/ros_ws/install/ppo_training/lib/python3.10/site-packages/ppo_training/env_wrapper.py:compute_lookahead:279"
"RL service unavailable (timeout). Falling back to zero cmd.";"30";"controller_server";"1761259517.178137572";"/home/ROS/ros_ws/src/nav2_rl_controller/src/rl_controller.cpp:computeVelocityCommands:145"
"Lookahead point: 0.72, -0.39";"20";"ppo_training_node";"1761259517.085371829";"/home/ROS/ros_ws/install/ppo_training/lib/python3.10/site-packages/ppo_training/env_wrapper.py:compute_lookahead:279"
"RL service unavailable (timeout). Falling back to zero cmd.";"30";"controller_server";"1761259517.078117386";"/home/ROS/ros_ws/src/nav2_rl_controller/src/rl_controller.cpp:computeVelocityCommands:145"
"Lookahead point: 0.72, -0.39";"20";"ppo_training_node";"1761259516.979093480";"/home/ROS/ros_ws/install/ppo_training/lib/python3.10/site-packages/ppo_training/env_wrapper.py:compute_lookahead:279"
"RL service unavailable (timeout). Falling back to zero cmd.";"30";"controller_server";"1761259516.978147345";"/home/ROS/ros_ws/src/nav2_rl_controller/src/rl_controller.cpp:computeVelocityCommands:145"
"RL service unavailable (timeout). Falling back to zero cmd.";"30";"controller_server";"1761259516.878230873";"/home/ROS/ros_ws/src/nav2_rl_controller/src/rl_controller.cpp:computeVelocityCommands:145"
"Lookahead point: 0.72, -0.39";"20";"ppo_training_node";"1761259516.872886090";"/home/ROS/ros_ws/install/ppo_training/lib/python3.10/site-packages/ppo_training/env_wrapper.py:compute_lookahead:279"
"RL service unavailable (timeout). Falling back to zero cmd.";"30";"controller_server";"1761259516.778140917";"/home/ROS/ros_ws/src/nav2_rl_controller/src/rl_controller.cpp:computeVelocityCommands:145"
"Lookahead point: 0.72, -0.39";"20";"ppo_training_node";"1761259516.766515971";"/home/ROS/ros_ws/install/ppo_training/lib/python3.10/site-packages/ppo_training/env_wrapper.py:compute_lookahead:279"
"RL service unavailable (timeout). Falling back to zero cmd.";"30";"controller_server";"1761259516.678209639";"/home/ROS/ros_ws/src/nav2_rl_controller/src/rl_controller.cpp:computeVelocityCommands:145"
"Lookahead point: 0.72, -0.39";"20";"ppo_training_node";"1761259516.660323597";"/home/ROS/ros_ws/install/ppo_training/lib/python3.10/site-packages/ppo_training/env_wrapper.py:compute_lookahead:279"
"RL service unavailable (timeout). Falling back to zero cmd.";"30";"controller_server";"1761259516.578158863";"/home/ROS/ros_ws/src/nav2_rl_controller/src/rl_controller.cpp:computeVelocityCommands:145"
"Lookahead point: 0.72, -0.39";"20";"ppo_training_node";"1761259516.554420783";"/home/ROS/ros_ws/install/ppo_training/lib/python3.10/site-packages/ppo_training/env_wrapper.py:compute_lookahead:279"
"RL service unavailable (timeout). Falling back to zero cmd.";"30";"controller_server";"1761259516.478265788";"/home/ROS/ros_ws/src/nav2_rl_controller/src/rl_controller.cpp:computeVelocityCommands:145"
"Lookahead point: 0.72, -0.39";"20";"ppo_training_node";"1761259516.448028594";"/home/ROS/ros_ws/install/ppo_training/lib/python3.10/site-packages/ppo_training/env_wrapper.py:compute_lookahead:279"
"RL service unavailable (timeout). Falling back to zero cmd.";"30";"controller_server";"1761259516.378005350";"/home/ROS/ros_ws/src/nav2_rl_controller/src/rl_controller.cpp:computeVelocityCommands:145"
"Lookahead point: 0.72, -0.39";"20";"ppo_training_node";"1761259516.341157157";"/home/ROS/ros_ws/install/ppo_training/lib/python3.10/site-packages/ppo_training/env_wrapper.py:compute_lookahead:279"
"RL service unavailable (timeout). Falling back to zero cmd.";"30";"controller_server";"1761259516.278206560";"/home/ROS/ros_ws/src/nav2_rl_controller/src/rl_controller.cpp:computeVelocityCommands:145"
"Lookahead point: 0.72, -0.39";"20";"ppo_training_node";"1761259516.235133728";"/home/ROS/ros_ws/install/ppo_training/lib/python3.10/site-packages/ppo_training/env_wrapper.py:compute_lookahead:279"
"RL service unavailable (timeout). Falling back to zero cmd.";"30";"controller_server";"1761259516.178270393";"/home/ROS/ros_ws/src/nav2_rl_controller/src/rl_controller.cpp:computeVelocityCommands:145"
"Lookahead point: 0.72, -0.39";"20";"ppo_training_node";"1761259516.128501147";"/home/ROS/ros_ws/install/ppo_training/lib/python3.10/site-packages/ppo_training/env_wrapper.py:compute_lookahead:279"
"RL service unavailable (timeout). Falling back to zero cmd.";"30";"controller_server";"1761259516.078116253";"/home/ROS/ros_ws/src/nav2_rl_controller/src/rl_controller.cpp:computeVelocityCommands:145"
"Lookahead point: 0.72, -0.39";"20";"ppo_training_node";"1761259516.021695570";"/home/ROS/ros_ws/install/ppo_training/lib/python3.10/site-packages/ppo_training/env_wrapper.py:compute_lookahead:279"
"RL service unavailable (timeout). Falling back to zero cmd.";"30";"controller_server";"1761259515.978032024";"/home/ROS/ros_ws/src/nav2_rl_controller/src/rl_controller.cpp:computeVelocityCommands:145"
"Lookahead point: 0.72, -0.39";"20";"ppo_training_node";"1761259515.914573684";"/home/ROS/ros_ws/install/ppo_training/lib/python3.10/site-packages/ppo_training/env_wrapper.py:compute_lookahead:279"
"RL service unavailable (timeout). Falling back to zero cmd.";"30";"controller_server";"1761259515.878138601";"/home/ROS/ros_ws/src/nav2_rl_controller/src/rl_controller.cpp:computeVelocityCommands:145"
"Lookahead point: 0.72, -0.39";"20";"ppo_training_node";"1761259515.807688490";"/home/ROS/ros_ws/install/ppo_training/lib/python3.10/site-packages/ppo_training/env_wrapper.py:compute_lookahead:279"
"RL service unavailable (timeout). Falling back to zero cmd.";"30";"controller_server";"1761259515.778103889";"/home/ROS/ros_ws/src/nav2_rl_controller/src/rl_controller.cpp:computeVelocityCommands:145"
"Lookahead point: 0.72, -0.39";"20";"ppo_training_node";"1761259515.701225134";"/home/ROS/ros_ws/install/ppo_training/lib/python3.10/site-packages/ppo_training/env_wrapper.py:compute_lookahead:279"
"RL service unavailable (timeout). Falling back to zero cmd.";"30";"controller_server";"1761259515.678203133";"/home/ROS/ros_ws/src/nav2_rl_controller/src/rl_controller.cpp:computeVelocityCommands:145"
"RL service unavailable (timeout). Falling back to zero cmd.";"30";"controller_server";"1761259515.578080003";"/home/ROS/ros_ws/src/nav2_rl_controller/src/rl_controller.cpp:computeVelocityCommands:145"
"RL service unavailable (timeout). Falling back to zero cmd.";"30";"controller_server";"1761259515.478017705";"/home/ROS/ros_ws/src/nav2_rl_controller/src/rl_controller.cpp:computeVelocityCommands:145"
"RL service unavailable (timeout). Falling back to zero cmd.";"30";"controller_server";"1761259515.378027902";"/home/ROS/ros_ws/src/nav2_rl_controller/src/rl_controller.cpp:computeVelocityCommands:145"
"RL service unavailable (timeout). Falling back to zero cmd.";"30";"controller_server";"1761259515.278061006";"/home/ROS/ros_ws/src/nav2_rl_controller/src/rl_controller.cpp:computeVelocityCommands:145"
"RL service unavailable (timeout). Falling back to zero cmd.";"30";"controller_server";"1761259515.178051577";"/home/ROS/ros_ws/src/nav2_rl_controller/src/rl_controller.cpp:computeVelocityCommands:145"
"RL service unavailable (timeout). Falling back to zero cmd.";"30";"controller_server";"1761259515.077996961";"/home/ROS/ros_ws/src/nav2_rl_controller/src/rl_controller.cpp:computeVelocityCommands:145"
"RL service unavailable (timeout). Falling back to zero cmd.";"30";"controller_server";"1761259514.978026714";"/home/ROS/ros_ws/src/nav2_rl_controller/src/rl_controller.cpp:computeVelocityCommands:145"
"Begin navigating from current location (2.48, 0.35) to (8.00, 0.00)";"20";"bt_navigator";"1761259514.906934487";"./src/navigators/navigate_to_pose.cpp:initializeGoalPose:213"
"Received goal preemption request";"20";"bt_navigator";"1761259514.906670698";"./src/navigators/navigate_to_pose.cpp:onPreempt:182"
"Novo goal spawnado e enviado ao Nav2 em (8.00, 0.00)";"20";"goal_spawner_node";"1761259514.903276081";"/home/ROS/ros_ws/install/ppo_training/lib/python3.10/site-packages/ppo_training/goal_spawner.py:spawn_new_goal_callback:119"
"RL service unavailable (timeout). Falling back to zero cmd.";"30";"controller_server";"1761259514.878100187";"/home/ROS/ros_ws/src/nav2_rl_controller/src/rl_controller.cpp:computeVelocityCommands:145"
"RL service unavailable (timeout). Falling back to zero cmd.";"30";"controller_server";"1761259514.777964837";"/home/ROS/ros_ws/src/nav2_rl_controller/src/rl_controller.cpp:computeVelocityCommands:145"
"RL service unavailable (timeout). Falling back to zero cmd.";"30";"controller_server";"1761259514.677978596";"/home/ROS/ros_ws/src/nav2_rl_controller/src/rl_controller.cpp:computeVelocityCommands:145"
"Lookahead point: 0.72, -0.39";"20";"ppo_training_node";"1761259514.616808175";"/home/ROS/ros_ws/install/ppo_training/lib/python3.10/site-packages/ppo_training/env_wrapper.py:compute_lookahead:279"
"RL service unavailable (timeout). Falling back to zero cmd.";"30";"controller_server";"1761259514.578100469";"/home/ROS/ros_ws/src/nav2_rl_controller/src/rl_controller.cpp:computeVelocityCommands:145"
"Lookahead point: 0.72, -0.39";"20";"ppo_training_node";"1761259514.509958182";"/home/ROS/ros_ws/install/ppo_training/lib/python3.10/site-packages/ppo_training/env_wrapper.py:compute_lookahead:279"
"RL service unavailable (timeout). Falling back to zero cmd.";"30";"controller_server";"1761259514.478138324";"/home/ROS/ros_ws/src/nav2_rl_controller/src/rl_controller.cpp:computeVelocityCommands:145"
"Lookahead point: 0.72, -0.39";"20";"ppo_training_node";"1761259514.404060329";"/home/ROS/ros_ws/install/ppo_training/lib/python3.10/site-packages/ppo_training/env_wrapper.py:compute_lookahead:279"
"RL service unavailable (timeout). Falling back to zero cmd.";"30";"controller_server";"1761259514.378111017";"/home/ROS/ros_ws/src/nav2_rl_controller/src/rl_controller.cpp:computeVelocityCommands:145"
"Lookahead point: 0.72, -0.39";"20";"ppo_training_node";"1761259514.297754466";"/home/ROS/ros_ws/install/ppo_training/lib/python3.10/site-packages/ppo_training/env_wrapper.py:compute_lookahead:279"
"RL service unavailable (timeout). Falling back to zero cmd.";"30";"controller_server";"1761259514.278105571";"/home/ROS/ros_ws/src/nav2_rl_controller/src/rl_controller.cpp:computeVelocityCommands:145"
"Lookahead point: 0.72, -0.39";"20";"ppo_training_node";"1761259514.191684316";"/home/ROS/ros_ws/install/ppo_training/lib/python3.10/site-packages/ppo_training/env_wrapper.py:compute_lookahead:279"
"RL service unavailable (timeout). Falling back to zero cmd.";"30";"controller_server";"1761259514.178092581";"/home/ROS/ros_ws/src/nav2_rl_controller/src/rl_controller.cpp:computeVelocityCommands:145"
"Lookahead point: 0.72, -0.39";"20";"ppo_training_node";"1761259514.086051999";"/home/ROS/ros_ws/install/ppo_training/lib/python3.10/site-packages/ppo_training/env_wrapper.py:compute_lookahead:279"
"RL service unavailable (timeout). Falling back to zero cmd.";"30";"controller_server";"1761259514.078076170";"/home/ROS/ros_ws/src/nav2_rl_controller/src/rl_controller.cpp:computeVelocityCommands:145"
"Received a goal, begin computing control effort.";"20";"controller_server";"1761259514.027163001";"./src/controller_server.cpp:computeControl:359"
"Lookahead point: 0.72, -0.39";"20";"ppo_training_node";"1761259513.979261091";"/home/ROS/ros_ws/install/ppo_training/lib/python3.10/site-packages/ppo_training/env_wrapper.py:compute_lookahead:279"
"wait completed successfully";"20";"behavior_server";"1761259513.977157554";"./include/nav2_behaviors/timed_behavior.hpp:execute:237"
"Lookahead point: 0.72, -0.39";"20";"ppo_training_node";"1761259513.873433640";"/home/ROS/ros_ws/install/ppo_training/lib/python3.10/site-packages/ppo_training/env_wrapper.py:compute_lookahead:279"
"Lookahead point: 0.72, -0.39";"20";"ppo_training_node";"1761259513.766657470";"/home/ROS/ros_ws/install/ppo_training/lib/python3.10/site-packages/ppo_training/env_wrapper.py:compute_lookahead:279"
"Lookahead point: 0.72, -0.39";"20";"ppo_training_node";"1761259513.660058416";"/home/ROS/ros_ws/install/ppo_training/lib/python3.10/site-packages/ppo_training/env_wrapper.py:compute_lookahead:279"
"Lookahead point: 0.72, -0.39";"20";"ppo_training_node";"1761259513.554215809";"/home/ROS/ros_ws/install/ppo_training/lib/python3.10/site-packages/ppo_training/env_wrapper.py:compute_lookahead:279"
"Lookahead point: 0.72, -0.39";"20";"ppo_training_node";"1761259513.447050415";"/home/ROS/ros_ws/install/ppo_training/lib/python3.10/site-packages/ppo_training/env_wrapper.py:compute_lookahead:279"
"Lookahead point: 0.72, -0.39";"20";"ppo_training_node";"1761259513.340605012";"/home/ROS/ros_ws/install/ppo_training/lib/python3.10/site-packages/ppo_training/env_wrapper.py:compute_lookahead:279"
"Lookahead point: 0.72, -0.39";"20";"ppo_training_node";"1761259513.234295029";"/home/ROS/ros_ws/install/ppo_training/lib/python3.10/site-packages/ppo_training/env_wrapper.py:compute_lookahead:279"
"Lookahead point: 0.72, -0.39";"20";"ppo_training_node";"1761259513.127136969";"/home/ROS/ros_ws/install/ppo_training/lib/python3.10/site-packages/ppo_training/env_wrapper.py:compute_lookahead:279"
"Lookahead point: 0.72, -0.39";"20";"ppo_training_node";"1761259513.020712099";"/home/ROS/ros_ws/install/ppo_training/lib/python3.10/site-packages/ppo_training/env_wrapper.py:compute_lookahead:279"
"Lookahead point: 0.72, -0.39";"20";"ppo_training_node";"1761259512.914056684";"/home/ROS/ros_ws/install/ppo_training/lib/python3.10/site-packages/ppo_training/env_wrapper.py:compute_lookahead:279"
"Lookahead point: 0.72, -0.39";"20";"ppo_training_node";"1761259512.806516596";"/home/ROS/ros_ws/install/ppo_training/lib/python3.10/site-packages/ppo_training/env_wrapper.py:compute_lookahead:279"
"Lookahead point: 0.72, -0.39";"20";"ppo_training_node";"1761259512.699676173";"/home/ROS/ros_ws/install/ppo_training/lib/python3.10/site-packages/ppo_training/env_wrapper.py:compute_lookahead:279"
"Lookahead point: 0.72, -0.39";"20";"ppo_training_node";"1761259512.592591308";"/home/ROS/ros_ws/install/ppo_training/lib/python3.10/site-packages/ppo_training/env_wrapper.py:compute_lookahead:279"
"Lookahead point: 0.72, -0.39";"20";"ppo_training_node";"1761259512.485803685";"/home/ROS/ros_ws/install/ppo_training/lib/python3.10/site-packages/ppo_training/env_wrapper.py:compute_lookahead:279"
"Lookahead point: 0.72, -0.39";"20";"ppo_training_node";"1761259512.380004730";"/home/ROS/ros_ws/install/ppo_training/lib/python3.10/site-packages/ppo_training/env_wrapper.py:compute_lookahead:279"
"Lookahead point: 0.72, -0.39";"20";"ppo_training_node";"1761259512.273372503";"/home/ROS/ros_ws/install/ppo_training/lib/python3.10/site-packages/ppo_training/env_wrapper.py:compute_lookahead:279"
"Lookahead point: 0.72, -0.39";"20";"ppo_training_node";"1761259512.166757178";"/home/ROS/ros_ws/install/ppo_training/lib/python3.10/site-packages/ppo_training/env_wrapper.py:compute_lookahead:279"
"Lookahead point: 0.72, -0.39";"20";"ppo_training_node";"1761259512.060320994";"/home/ROS/ros_ws/install/ppo_training/lib/python3.10/site-packages/ppo_training/env_wrapper.py:compute_lookahead:279"
"Lookahead point: 0.72, -0.39";"20";"ppo_training_node";"1761259511.954584757";"/home/ROS/ros_ws/install/ppo_training/lib/python3.10/site-packages/ppo_training/env_wrapper.py:compute_lookahead:279"
"Lookahead point: 0.72, -0.39";"20";"ppo_training_node";"1761259511.848504204";"/home/ROS/ros_ws/install/ppo_training/lib/python3.10/site-packages/ppo_training/env_wrapper.py:compute_lookahead:279"
"Lookahead point: 0.72, -0.39";"20";"ppo_training_node";"1761259511.742652940";"/home/ROS/ros_ws/install/ppo_training/lib/python3.10/site-packages/ppo_training/env_wrapper.py:compute_lookahead:279"
"Lookahead point: 0.72, -0.39";"20";"ppo_training_node";"1761259511.635863432";"/home/ROS/ros_ws/install/ppo_training/lib/python3.10/site-packages/ppo_training/env_wrapper.py:compute_lookahead:279"
"Lookahead point: 0.72, -0.39";"20";"ppo_training_node";"1761259511.529291969";"/home/ROS/ros_ws/install/ppo_training/lib/python3.10/site-packages/ppo_training/env_wrapper.py:compute_lookahead:279"
"Lookahead point: 0.72, -0.39";"20";"ppo_training_node";"1761259511.421567222";"/home/ROS/ros_ws/install/ppo_training/lib/python3.10/site-packages/ppo_training/env_wrapper.py:compute_lookahead:279"
"Lookahead point: 0.72, -0.39";"20";"ppo_training_node";"1761259511.314357692";"/home/ROS/ros_ws/install/ppo_training/lib/python3.10/site-packages/ppo_training/env_wrapper.py:compute_lookahead:279"
"Lookahead point: 0.72, -0.39";"20";"ppo_training_node";"1761259511.208060772";"/home/ROS/ros_ws/install/ppo_training/lib/python3.10/site-packages/ppo_training/env_wrapper.py:compute_lookahead:279"
"Lookahead point: 0.72, -0.39";"20";"ppo_training_node";"1761259511.100740684";"/home/ROS/ros_ws/install/ppo_training/lib/python3.10/site-packages/ppo_training/env_wrapper.py:compute_lookahead:279"
"Lookahead point: 0.72, -0.39";"20";"ppo_training_node";"1761259510.994298007";"/home/ROS/ros_ws/install/ppo_training/lib/python3.10/site-packages/ppo_training/env_wrapper.py:compute_lookahead:279"
"Lookahead point: 0.72, -0.39";"20";"ppo_training_node";"1761259510.887220896";"/home/ROS/ros_ws/install/ppo_training/lib/python3.10/site-packages/ppo_training/env_wrapper.py:compute_lookahead:279"
"Lookahead point: 0.72, -0.39";"20";"ppo_training_node";"1761259510.780271594";"/home/ROS/ros_ws/install/ppo_training/lib/python3.10/site-packages/ppo_training/env_wrapper.py:compute_lookahead:279"
"Lookahead point: 0.72, -0.39";"20";"ppo_training_node";"1761259510.674334147";"/home/ROS/ros_ws/install/ppo_training/lib/python3.10/site-packages/ppo_training/env_wrapper.py:compute_lookahead:279"
"Lookahead point: 0.72, -0.39";"20";"ppo_training_node";"1761259510.567977655";"/home/ROS/ros_ws/install/ppo_training/lib/python3.10/site-packages/ppo_training/env_wrapper.py:compute_lookahead:279"
"Lookahead point: 0.72, -0.39";"20";"ppo_training_node";"1761259510.461669981";"/home/ROS/ros_ws/install/ppo_training/lib/python3.10/site-packages/ppo_training/env_wrapper.py:compute_lookahead:279"
"Lookahead point: 0.72, -0.39";"20";"ppo_training_node";"1761259510.355688465";"/home/ROS/ros_ws/install/ppo_training/lib/python3.10/site-packages/ppo_training/env_wrapper.py:compute_lookahead:279"
"Lookahead point: 0.72, -0.39";"20";"ppo_training_node";"1761259510.249204722";"/home/ROS/ros_ws/install/ppo_training/lib/python3.10/site-packages/ppo_training/env_wrapper.py:compute_lookahead:279"
"Lookahead point: 0.72, -0.39";"20";"ppo_training_node";"1761259510.142846484";"/home/ROS/ros_ws/install/ppo_training/lib/python3.10/site-packages/ppo_training/env_wrapper.py:compute_lookahead:279"
"Lookahead point: 0.72, -0.39";"20";"ppo_training_node";"1761259510.036146305";"/home/ROS/ros_ws/install/ppo_training/lib/python3.10/site-packages/ppo_training/env_wrapper.py:compute_lookahead:279"
"Lookahead point: 0.72, -0.39";"20";"ppo_training_node";"1761259509.928873361";"/home/ROS/ros_ws/install/ppo_training/lib/python3.10/site-packages/ppo_training/env_wrapper.py:compute_lookahead:279"
"Lookahead point: 0.72, -0.39";"20";"ppo_training_node";"1761259509.822482508";"/home/ROS/ros_ws/install/ppo_training/lib/python3.10/site-packages/ppo_training/env_wrapper.py:compute_lookahead:279"
"Lookahead point: 0.72, -0.39";"20";"ppo_training_node";"1761259509.716401959";"/home/ROS/ros_ws/install/ppo_training/lib/python3.10/site-packages/ppo_training/env_wrapper.py:compute_lookahead:279"
"Lookahead point: 0.72, -0.39";"20";"ppo_training_node";"1761259509.609918287";"/home/ROS/ros_ws/install/ppo_training/lib/python3.10/site-packages/ppo_training/env_wrapper.py:compute_lookahead:279"
"Lookahead point: 0.72, -0.39";"20";"ppo_training_node";"1761259509.502956835";"/home/ROS/ros_ws/install/ppo_training/lib/python3.10/site-packages/ppo_training/env_wrapper.py:compute_lookahead:279"
"Lookahead point: 0.72, -0.39";"20";"ppo_training_node";"1761259509.396003902";"/home/ROS/ros_ws/install/ppo_training/lib/python3.10/site-packages/ppo_training/env_wrapper.py:compute_lookahead:279"
"Lookahead point: 0.72, -0.39";"20";"ppo_training_node";"1761259509.290356366";"/home/ROS/ros_ws/install/ppo_training/lib/python3.10/site-packages/ppo_training/env_wrapper.py:compute_lookahead:279"
"Lookahead point: 0.72, -0.39";"20";"ppo_training_node";"1761259509.184410330";"/home/ROS/ros_ws/install/ppo_training/lib/python3.10/site-packages/ppo_training/env_wrapper.py:compute_lookahead:279"
"Lookahead point: 0.72, -0.39";"20";"ppo_training_node";"1761259509.078405348";"/home/ROS/ros_ws/install/ppo_training/lib/python3.10/site-packages/ppo_training/env_wrapper.py:compute_lookahead:279"
"Running wait";"20";"behavior_server";"1761259508.976862571";"./include/nav2_behaviors/timed_behavior.hpp:execute:187"
"Lookahead point: 0.72, -0.39";"20";"ppo_training_node";"1761259508.973098217";"/home/ROS/ros_ws/install/ppo_training/lib/python3.10/site-packages/ppo_training/env_wrapper.py:compute_lookahead:279"
"spin completed successfully";"20";"behavior_server";"1761259508.947216513";"./include/nav2_behaviors/timed_behavior.hpp:execute:237"
"Begin navigating from current location (2.55, 0.50) to (8.00, 0.00)";"20";"bt_navigator";"1761259508.906877886";"./src/navigators/navigate_to_pose.cpp:initializeGoalPose:213"
"Received goal preemption request";"20";"bt_navigator";"1761259508.906651461";"./src/navigators/navigate_to_pose.cpp:onPreempt:182"
"Enviando goal para navigate_to_pose...";"20";"goal_spawner_node";"1761259508.898937187";"/home/ROS/ros_ws/install/ppo_training/lib/python3.10/site-packages/ppo_training/goal_spawner.py:_send_navigate_action:174"
"spawn_entity: serviço não disponível ou falhou: call_timeout";"30";"goal_spawner_node";"1761259508.898074652";"/home/ROS/ros_ws/install/ppo_training/lib/python3.10/site-packages/ppo_training/goal_spawner.py:spawn_entity:158"
"Lookahead point: 0.72, -0.39";"20";"ppo_training_node";"1761259508.867280550";"/home/ROS/ros_ws/install/ppo_training/lib/python3.10/site-packages/ppo_training/env_wrapper.py:compute_lookahead:279"
"Lookahead point: 0.72, -0.39";"20";"ppo_training_node";"1761259508.761262229";"/home/ROS/ros_ws/install/ppo_training/lib/python3.10/site-packages/ppo_training/env_wrapper.py:compute_lookahead:279"
"Lookahead point: 0.72, -0.39";"20";"ppo_training_node";"1761259508.655105415";"/home/ROS/ros_ws/install/ppo_training/lib/python3.10/site-packages/ppo_training/env_wrapper.py:compute_lookahead:279"
"Lookahead point: 0.72, -0.39";"20";"ppo_training_node";"1761259508.548167989";"/home/ROS/ros_ws/install/ppo_training/lib/python3.10/site-packages/ppo_training/env_wrapper.py:compute_lookahead:279"
"Lookahead point: 0.72, -0.39";"20";"ppo_training_node";"1761259508.441008608";"/home/ROS/ros_ws/install/ppo_training/lib/python3.10/site-packages/ppo_training/env_wrapper.py:compute_lookahead:279"
"Lookahead point: 0.72, -0.39";"20";"ppo_training_node";"1761259508.334198223";"/home/ROS/ros_ws/install/ppo_training/lib/python3.10/site-packages/ppo_training/env_wrapper.py:compute_lookahead:279"
"Lookahead point: 0.72, -0.39";"20";"ppo_training_node";"1761259508.226600730";"/home/ROS/ros_ws/install/ppo_training/lib/python3.10/site-packages/ppo_training/env_wrapper.py:compute_lookahead:279"
"Lookahead point: 0.72, -0.39";"20";"ppo_training_node";"1761259508.119563152";"/home/ROS/ros_ws/install/ppo_training/lib/python3.10/site-packages/ppo_training/env_wrapper.py:compute_lookahead:279"
"Lookahead point: 0.72, -0.39";"20";"ppo_training_node";"1761259508.013018092";"/home/ROS/ros_ws/install/ppo_training/lib/python3.10/site-packages/ppo_training/env_wrapper.py:compute_lookahead:279"
"Lookahead point: 0.72, -0.39";"20";"ppo_training_node";"1761259507.905938960";"/home/ROS/ros_ws/install/ppo_training/lib/python3.10/site-packages/ppo_training/env_wrapper.py:compute_lookahead:279"
"Lookahead point: 0.72, -0.39";"20";"ppo_training_node";"1761259507.799909048";"/home/ROS/ros_ws/install/ppo_training/lib/python3.10/site-packages/ppo_training/env_wrapper.py:compute_lookahead:279"
"Lookahead point: 0.72, -0.39";"20";"ppo_training_node";"1761259507.692809383";"/home/ROS/ros_ws/install/ppo_training/lib/python3.10/site-packages/ppo_training/env_wrapper.py:compute_lookahead:279"
"Lookahead point: 0.72, -0.39";"20";"ppo_training_node";"1761259507.585989780";"/home/ROS/ros_ws/install/ppo_training/lib/python3.10/site-packages/ppo_training/env_wrapper.py:compute_lookahead:279"
"Lookahead point: 0.72, -0.39";"20";"ppo_training_node";"1761259507.479347852";"/home/ROS/ros_ws/install/ppo_training/lib/python3.10/site-packages/ppo_training/env_wrapper.py:compute_lookahead:279"
"Lookahead point: 0.72, -0.39";"20";"ppo_training_node";"1761259507.372469931";"/home/ROS/ros_ws/install/ppo_training/lib/python3.10/site-packages/ppo_training/env_wrapper.py:compute_lookahead:279"
"Lookahead point: 0.72, -0.39";"20";"ppo_training_node";"1761259507.266264160";"/home/ROS/ros_ws/install/ppo_training/lib/python3.10/site-packages/ppo_training/env_wrapper.py:compute_lookahead:279"
"Lookahead point: 0.72, -0.39";"20";"ppo_training_node";"1761259507.159961588";"/home/ROS/ros_ws/install/ppo_training/lib/python3.10/site-packages/ppo_training/env_wrapper.py:compute_lookahead:279"
"Lookahead point: 0.72, -0.39";"20";"ppo_training_node";"1761259507.054828154";"/home/ROS/ros_ws/install/ppo_training/lib/python3.10/site-packages/ppo_training/env_wrapper.py:compute_lookahead:279"
"Lookahead point: 0.72, -0.39";"20";"ppo_training_node";"1761259506.948243635";"/home/ROS/ros_ws/install/ppo_training/lib/python3.10/site-packages/ppo_training/env_wrapper.py:compute_lookahead:279"
"Lookahead point: 0.72, -0.39";"20";"ppo_training_node";"1761259506.842797105";"/home/ROS/ros_ws/install/ppo_training/lib/python3.10/site-packages/ppo_training/env_wrapper.py:compute_lookahead:279"
"Lookahead point: 0.72, -0.39";"20";"ppo_training_node";"1761259506.736878521";"/home/ROS/ros_ws/install/ppo_training/lib/python3.10/site-packages/ppo_training/env_wrapper.py:compute_lookahead:279"
"Lookahead point: 0.72, -0.39";"20";"ppo_training_node";"1761259506.630936819";"/home/ROS/ros_ws/install/ppo_training/lib/python3.10/site-packages/ppo_training/env_wrapper.py:compute_lookahead:279"
"Lookahead point: 0.72, -0.39";"20";"ppo_training_node";"1761259506.524877575";"/home/ROS/ros_ws/install/ppo_training/lib/python3.10/site-packages/ppo_training/env_wrapper.py:compute_lookahead:279"
"Lookahead point: 0.72, -0.39";"20";"ppo_training_node";"1761259506.418619074";"/home/ROS/ros_ws/install/ppo_training/lib/python3.10/site-packages/ppo_training/env_wrapper.py:compute_lookahead:279"
"Lookahead point: 0.72, -0.39";"20";"ppo_training_node";"1761259506.311903116";"/home/ROS/ros_ws/install/ppo_training/lib/python3.10/site-packages/ppo_training/env_wrapper.py:compute_lookahead:279"
"Lookahead point: 0.72, -0.39";"20";"ppo_training_node";"1761259506.203645421";"/home/ROS/ros_ws/install/ppo_training/lib/python3.10/site-packages/ppo_training/env_wrapper.py:compute_lookahead:279"
"Lookahead point: 0.72, -0.39";"20";"ppo_training_node";"1761259506.097228103";"/home/ROS/ros_ws/install/ppo_training/lib/python3.10/site-packages/ppo_training/env_wrapper.py:compute_lookahead:279"
"Lookahead point: 0.72, -0.39";"20";"ppo_training_node";"1761259505.990566970";"/home/ROS/ros_ws/install/ppo_training/lib/python3.10/site-packages/ppo_training/env_wrapper.py:compute_lookahead:279"
"Lookahead point: 0.72, -0.39";"20";"ppo_training_node";"1761259505.883270356";"/home/ROS/ros_ws/install/ppo_training/lib/python3.10/site-packages/ppo_training/env_wrapper.py:compute_lookahead:279"
"Lookahead point: 0.72, -0.39";"20";"ppo_training_node";"1761259505.776493498";"/home/ROS/ros_ws/install/ppo_training/lib/python3.10/site-packages/ppo_training/env_wrapper.py:compute_lookahead:279"
"Lookahead point: 0.72, -0.39";"20";"ppo_training_node";"1761259505.669679625";"/home/ROS/ros_ws/install/ppo_training/lib/python3.10/site-packages/ppo_training/env_wrapper.py:compute_lookahead:279"
"Lookahead point: 0.72, -0.39";"20";"ppo_training_node";"1761259505.562598401";"/home/ROS/ros_ws/install/ppo_training/lib/python3.10/site-packages/ppo_training/env_wrapper.py:compute_lookahead:279"
"Lookahead point: 0.72, -0.39";"20";"ppo_training_node";"1761259505.457044247";"/home/ROS/ros_ws/install/ppo_training/lib/python3.10/site-packages/ppo_training/env_wrapper.py:compute_lookahead:279"
"Lookahead point: 0.72, -0.39";"20";"ppo_training_node";"1761259505.351226933";"/home/ROS/ros_ws/install/ppo_training/lib/python3.10/site-packages/ppo_training/env_wrapper.py:compute_lookahead:279"
"Lookahead point: 0.72, -0.39";"20";"ppo_training_node";"1761259505.245992162";"/home/ROS/ros_ws/install/ppo_training/lib/python3.10/site-packages/ppo_training/env_wrapper.py:compute_lookahead:279"
"Lookahead point: 0.72, -0.39";"20";"ppo_training_node";"1761259505.139973427";"/home/ROS/ros_ws/install/ppo_training/lib/python3.10/site-packages/ppo_training/env_wrapper.py:compute_lookahead:279"
"Lookahead point: 0.72, -0.39";"20";"ppo_training_node";"1761259505.032571284";"/home/ROS/ros_ws/install/ppo_training/lib/python3.10/site-packages/ppo_training/env_wrapper.py:compute_lookahead:279"
"Lookahead point: 0.72, -0.39";"20";"ppo_training_node";"1761259504.926353433";"/home/ROS/ros_ws/install/ppo_training/lib/python3.10/site-packages/ppo_training/env_wrapper.py:compute_lookahead:279"
"Lookahead point: 0.72, -0.39";"20";"ppo_training_node";"1761259504.820189570";"/home/ROS/ros_ws/install/ppo_training/lib/python3.10/site-packages/ppo_training/env_wrapper.py:compute_lookahead:279"
"Lookahead point: 0.72, -0.39";"20";"ppo_training_node";"1761259504.713606801";"/home/ROS/ros_ws/install/ppo_training/lib/python3.10/site-packages/ppo_training/env_wrapper.py:compute_lookahead:279"
"Robô respawnado via serviço.";"20";"ppo_training_node";"1761259504.608345492";"/home/ROS/ros_ws/install/ppo_training/lib/python3.10/site-packages/ppo_training/env_wrapper.py:reset:653"
"Robô spawnado em (4.00, 0.00)";"20";"robot_spawner";"1761259504.607036185";"/home/ROS/ros_ws/install/ppo_training/lib/python3.10/site-packages/ppo_training/robot_spawner.py:respawn_robot_callback:56"
"Turning 1.57 for spin behavior.";"20";"behavior_server";"1761259504.546976661";"./plugins/spin.cpp:onRun:89"
"Running spin";"20";"behavior_server";"1761259504.546813513";"./include/nav2_behaviors/timed_behavior.hpp:execute:187"
"[compute_path_to_pose] [ActionServer] Aborting handle.";"30";"planner_server";"1761259504.527871409";"/opt/ros/humble/include/nav2_util/simple_action_server.hpp:warn_msg:605"
"Planning algorithm GridBased failed to generate a valid path to (8.00, 0.00)";"30";"planner_server";"1761259504.527794235";"./src/planner_server.cpp:validatePath:341"
"GridBased: failed to create plan with tolerance 0.50.";"30";"planner_server";"1761259504.527615023";"./src/navfn_planner.cpp:createPlan:175"
"Received request to clear entirely the global_costmap";"20";"global_costmap.global_costmap";"1761259503.916672227";"./src/clear_costmap_service.cpp:clearEntireCallback:95"
"[compute_path_to_pose] [ActionServer] Aborting handle.";"30";"planner_server";"1761259503.897354799";"/opt/ros/humble/include/nav2_util/simple_action_server.hpp:warn_msg:605"
"Planning algorithm GridBased failed to generate a valid path to (8.00, 0.00)";"30";"planner_server";"1761259503.897253111";"./src/planner_server.cpp:validatePath:341"
"GridBased: failed to create plan with tolerance 0.50.";"30";"planner_server";"1761259503.897129842";"./src/navfn_planner.cpp:createPlan:175"
"Novo goal spawnado e enviado ao Nav2 em (8.00, 0.00)";"20";"goal_spawner_node";"1761259503.896427382";"/home/ROS/ros_ws/install/ppo_training/lib/python3.10/site-packages/ppo_training/goal_spawner.py:spawn_new_goal_callback:119"
"Begin navigating from current location (2.55, 0.50) to (8.00, 0.00)";"20";"bt_navigator";"1761259503.896271637";"./src/navigators/navigate_to_pose.cpp:initializeGoalPose:213"
"Going to publish joint [wheel_right_joint]";"20";"turtlebot3_joint_state";"1761259503.073687521";"./src/gazebo_ros_joint_state_publisher.cpp:Load:112"
"Going to publish joint [wheel_left_joint]";"20";"turtlebot3_joint_state";"1761259503.073590791";"./src/gazebo_ros_joint_state_publisher.cpp:Load:112"
"Publishing odom transforms between [odom] and [base_footprint]";"20";"turtlebot3_diff_drive";"1761259503.059641193";"./src/gazebo_ros_diff_drive.cpp:Load:386"
"Advertise odometry on [/odom]";"20";"turtlebot3_diff_drive";"1761259503.057458107";"./src/gazebo_ros_diff_drive.cpp:Load:373"
"Subscribed to [/cmd_vel]";"20";"turtlebot3_diff_drive";"1761259503.056278076";"./src/gazebo_ros_diff_drive.cpp:Load:357"
"Wheel pair 1 diameter set to [0.066000m]";"20";"turtlebot3_diff_drive";"1761259503.055338437";"./src/gazebo_ros_diff_drive.cpp:Load:335"
"Wheel pair 1 separation set to [0.160000m]";"20";"turtlebot3_diff_drive";"1761259503.055249809";"./src/gazebo_ros_diff_drive.cpp:Load:319"
"<initial_orientation_as_reference> is unset, using default value of false to comply with REP 145 (world as orientation reference)";"20";"turtlebot3_imu";"1761259502.843542903";"./src/gazebo_ros_imu_sensor.cpp:Load:77"
"Publishing contact states to [/bumper_states]";"20";"bumper_plugin";"1761259502.830211816";"./src/gazebo_ros_bumper.cpp:Load:94"
"Lookahead point: 4.65, -0.48";"20";"ppo_training_node";"1761259500.002106107";"/home/ROS/ros_ws/install/ppo_training/lib/python3.10/site-packages/ppo_training/env_wrapper.py:compute_lookahead:279"
"Lookahead point: 4.65, -0.48";"20";"ppo_training_node";"1761259499.996665852";"/home/ROS/ros_ws/install/ppo_training/lib/python3.10/site-packages/ppo_training/env_wrapper.py:compute_lookahead:279"
"Robô respawnado via serviço.";"20";"ppo_training_node";"1761259499.891910267";"/home/ROS/ros_ws/install/ppo_training/lib/python3.10/site-packages/ppo_training/env_wrapper.py:reset:653"
"Robô spawnado em (4.00, 0.00)";"20";"robot_spawner";"1761259499.890578681";"/home/ROS/ros_ws/install/ppo_training/lib/python3.10/site-packages/ppo_training/robot_spawner.py:respawn_robot_callback:56"
"Going to publish joint [wheel_right_joint]";"20";"turtlebot3_joint_state";"1761259498.318354381";"./src/gazebo_ros_joint_state_publisher.cpp:Load:112"
"Going to publish joint [wheel_left_joint]";"20";"turtlebot3_joint_state";"1761259498.318262261";"./src/gazebo_ros_joint_state_publisher.cpp:Load:112"
"Publishing odom transforms between [odom] and [base_footprint]";"20";"turtlebot3_diff_drive";"1761259498.306650168";"./src/gazebo_ros_diff_drive.cpp:Load:386"
"Advertise odometry on [/odom]";"20";"turtlebot3_diff_drive";"1761259498.305288830";"./src/gazebo_ros_diff_drive.cpp:Load:373"
"Subscribed to [/cmd_vel]";"20";"turtlebot3_diff_drive";"1761259498.303815886";"./src/gazebo_ros_diff_drive.cpp:Load:357"
"Wheel pair 1 diameter set to [0.066000m]";"20";"turtlebot3_diff_drive";"1761259498.302737054";"./src/gazebo_ros_diff_drive.cpp:Load:335"
"Wheel pair 1 separation set to [0.160000m]";"20";"turtlebot3_diff_drive";"1761259498.302587734";"./src/gazebo_ros_diff_drive.cpp:Load:319"
"<initial_orientation_as_reference> is unset, using default value of false to comply with REP 145 (world as orientation reference)";"20";"turtlebot3_imu";"1761259498.092888487";"./src/gazebo_ros_imu_sensor.cpp:Load:77"
"Publishing contact states to [/bumper_states]";"20";"bumper_plugin";"1761259498.082807026";"./src/gazebo_ros_bumper.cpp:Load:94"
"Received plan with 358 poses.";"20";"ppo_training_node";"1761259495.400819708";"/home/ROS/ros_ws/install/ppo_training/lib/python3.10/site-packages/ppo_training/env_wrapper.py:plan_callback:240"
"Planner loop missed its desired rate of 10.0000 Hz. Current loop rate is 1.0000 Hz";"30";"planner_server";"1761259312.533421268";"./src/planner_server.cpp:computePlan:495"
"Resultado da navegação: status=6";"20";"goal_spawner_node";"1761259312.447443390";"/home/ROS/ros_ws/install/ppo_training/lib/python3.10/site-packages/ppo_training/goal_spawner.py:_on_result:205"
"Goal failed";"40";"bt_navigator";"1761259312.446034498";"/opt/ros/humble/include/nav2_behavior_tree/bt_action_server_impl.hpp:executeCallback:269"
"[navigate_to_pose] [ActionServer] Aborting handle.";"30";"bt_navigator";"1761259312.445818551";"/opt/ros/humble/include/nav2_util/simple_action_server.hpp:warn_msg:605"
"[spin] [ActionServer] Aborting handle.";"30";"behavior_server";"1761259312.406283398";"/opt/ros/humble/include/nav2_util/simple_action_server.hpp:warn_msg:605"
"spin failed";"30";"behavior_server";"1761259312.406237443";"./include/nav2_behaviors/timed_behavior.hpp:execute:246"
"Collision Ahead - Exiting Spin";"30";"behavior_server";"1761259312.406133102";"./plugins/spin.cpp:onCycleUpdate:151"
"Turning 1.57 for spin behavior.";"20";"behavior_server";"1761259311.705768774";"./plugins/spin.cpp:onRun:89"
"Running spin";"20";"behavior_server";"1761259311.705621690";"./include/nav2_behaviors/timed_behavior.hpp:execute:187"
"Received request to clear entirely the global_costmap";"20";"global_costmap.global_costmap";"1761259311.705095861";"./src/clear_costmap_service.cpp:clearEntireCallback:95"
"Received request to clear entirely the local_costmap";"20";"local_costmap.local_costmap";"1761259311.704668088";"./src/clear_costmap_service.cpp:clearEntireCallback:95"
"Failed to get result for compute_path_to_pose in node halt!";"40";"bt_navigator_navigate_to_pose_rclcpp_node";"1761259311.704422040";"./include/nav2_behavior_tree/bt_action_node.hpp:halt:321"
"[follow_path] [ActionServer] Aborting handle.";"30";"controller_server";"1761259311.663270013";"/opt/ros/humble/include/nav2_util/simple_action_server.hpp:warn_msg:605"
"Invalid path, Path is empty.";"40";"controller_server";"1761259311.663184179";"./src/controller_server.cpp:computeControl:420"
"Received a goal, begin computing control effort.";"20";"controller_server";"1761259311.663042473";"./src/controller_server.cpp:computeControl:359"
"Received request to clear entirely the local_costmap";"20";"local_costmap.local_costmap";"1761259311.662349586";"./src/clear_costmap_service.cpp:clearEntireCallback:95"
"[follow_path] [ActionServer] Aborting handle.";"30";"controller_server";"1761259311.633301190";"/opt/ros/humble/include/nav2_util/simple_action_server.hpp:warn_msg:605"
"Invalid path, Path is empty.";"40";"controller_server";"1761259311.633201039";"./src/controller_server.cpp:computeControl:420"
"Passing new path to controller.";"20";"controller_server";"1761259311.632938578";"./src/controller_server.cpp:updateGlobalPath:536"
"RL service unavailable (timeout). Falling back to zero cmd.";"30";"controller_server";"1761259311.583198968";"/home/ROS/ros_ws/src/nav2_rl_controller/src/rl_controller.cpp:computeVelocityCommands:145"
"Received request to clear entirely the global_costmap";"20";"global_costmap.global_costmap";"1761259311.562166511";"./src/clear_costmap_service.cpp:clearEntireCallback:95"
"[compute_path_to_pose] [ActionServer] Aborting handle.";"30";"planner_server";"1761259311.542964295";"/opt/ros/humble/include/nav2_util/simple_action_server.hpp:warn_msg:605"
"Planning algorithm GridBased failed to generate a valid path to (8.00, -0.75)";"30";"planner_server";"1761259311.542891172";"./src/planner_server.cpp:validatePath:341"
"GridBased: failed to create plan with tolerance 0.50.";"30";"planner_server";"1761259311.542768462";"./src/navfn_planner.cpp:createPlan:175"
"RL service unavailable (timeout). Falling back to zero cmd.";"30";"controller_server";"1761259311.483208653";"/home/ROS/ros_ws/src/nav2_rl_controller/src/rl_controller.cpp:computeVelocityCommands:145"
"RL service unavailable (timeout). Falling back to zero cmd.";"30";"controller_server";"1761259311.383158066";"/home/ROS/ros_ws/src/nav2_rl_controller/src/rl_controller.cpp:computeVelocityCommands:145"
"RL service unavailable (timeout). Falling back to zero cmd.";"30";"controller_server";"1761259311.283198831";"/home/ROS/ros_ws/src/nav2_rl_controller/src/rl_controller.cpp:computeVelocityCommands:145"
"RL service unavailable (timeout). Falling back to zero cmd.";"30";"controller_server";"1761259311.183168777";"/home/ROS/ros_ws/src/nav2_rl_controller/src/rl_controller.cpp:computeVelocityCommands:145"
"RL service unavailable (timeout). Falling back to zero cmd.";"30";"controller_server";"1761259311.083195015";"/home/ROS/ros_ws/src/nav2_rl_controller/src/rl_controller.cpp:computeVelocityCommands:145"
"RL service unavailable (timeout). Falling back to zero cmd.";"30";"controller_server";"1761259310.983184239";"/home/ROS/ros_ws/src/nav2_rl_controller/src/rl_controller.cpp:computeVelocityCommands:145"
"RL service unavailable (timeout). Falling back to zero cmd.";"30";"controller_server";"1761259310.883199657";"/home/ROS/ros_ws/src/nav2_rl_controller/src/rl_controller.cpp:computeVelocityCommands:145"
"RL service unavailable (timeout). Falling back to zero cmd.";"30";"controller_server";"1761259310.783203762";"/home/ROS/ros_ws/src/nav2_rl_controller/src/rl_controller.cpp:computeVelocityCommands:145"
"RL service unavailable (timeout). Falling back to zero cmd.";"30";"controller_server";"1761259310.683225605";"/home/ROS/ros_ws/src/nav2_rl_controller/src/rl_controller.cpp:computeVelocityCommands:145"
"RL service unavailable (timeout). Falling back to zero cmd.";"30";"controller_server";"1761259310.583378260";"/home/ROS/ros_ws/src/nav2_rl_controller/src/rl_controller.cpp:computeVelocityCommands:145"
"No goal checker was specified in parameter 'current_goal_checker'. Server will use only plugin loaded goal_checker . This warning will appear once.";"30";"controller_server";"1761259310.532704816";"./src/controller_server.cpp:findGoalCheckerId:335"
"Received a goal, begin computing control effort.";"20";"controller_server";"1761259310.532587344";"./src/controller_server.cpp:computeControl:359"
"wait completed successfully";"20";"behavior_server";"1761259310.482902980";"./include/nav2_behaviors/timed_behavior.hpp:execute:237"
"Running wait";"20";"behavior_server";"1761259305.482540953";"./include/nav2_behaviors/timed_behavior.hpp:execute:187"
"spin completed successfully";"20";"behavior_server";"1761259305.453774514";"./include/nav2_behaviors/timed_behavior.hpp:execute:237"
"Goal ACEITO. Aguardando resultado...";"20";"goal_spawner_node";"1761259304.847428838";"/home/ROS/ros_ws/install/ppo_training/lib/python3.10/site-packages/ppo_training/goal_spawner.py:_on_goal_response:193"
"Resultado da navegação: status=6";"20";"goal_spawner_node";"1761259304.846442901";"/home/ROS/ros_ws/install/ppo_training/lib/python3.10/site-packages/ppo_training/goal_spawner.py:_on_result:205"
"Goal ACEITO. Aguardando resultado...";"20";"goal_spawner_node";"1761259304.844476962";"/home/ROS/ros_ws/install/ppo_training/lib/python3.10/site-packages/ppo_training/goal_spawner.py:_on_goal_response:193"
"Begin navigating from current location (1.62, 0.07) to (8.00, -0.75)";"20";"bt_navigator";"1761259302.852218223";"./src/navigators/navigate_to_pose.cpp:initializeGoalPose:213"
"Received goal preemption request";"20";"bt_navigator";"1761259302.852078332";"./src/navigators/navigate_to_pose.cpp:onPreempt:182"
"Enviando goal para navigate_to_pose...";"20";"goal_spawner_node";"1761259302.841672947";"/home/ROS/ros_ws/install/ppo_training/lib/python3.10/site-packages/ppo_training/goal_spawner.py:_send_navigate_action:174"
"spawn_entity: serviço não disponível ou falhou: call_timeout";"30";"goal_spawner_node";"1761259302.840778990";"/home/ROS/ros_ws/install/ppo_training/lib/python3.10/site-packages/ppo_training/goal_spawner.py:spawn_entity:158"
"Begin navigating from current location (1.62, 0.07) to (8.00, -0.75)";"20";"bt_navigator";"1761259297.842310933";"./src/navigators/navigate_to_pose.cpp:initializeGoalPose:213"
"Received goal preemption request";"20";"bt_navigator";"1761259297.842090028";"./src/navigators/navigate_to_pose.cpp:onPreempt:182"
"Novo goal spawnado e enviado ao Nav2 em (8.00, -0.75)";"20";"goal_spawner_node";"1761259297.839440702";"/home/ROS/ros_ws/install/ppo_training/lib/python3.10/site-packages/ppo_training/goal_spawner.py:spawn_new_goal_callback:119"
"Turning 1.57 for spin behavior.";"20";"behavior_server";"1761259297.553482244";"./plugins/spin.cpp:onRun:89"
"Running spin";"20";"behavior_server";"1761259297.553224882";"./include/nav2_behaviors/timed_behavior.hpp:execute:187"
"Received request to clear entirely the global_costmap";"20";"global_costmap.global_costmap";"1761259297.552643810";"./src/clear_costmap_service.cpp:clearEntireCallback:95"
"Received request to clear entirely the local_costmap";"20";"local_costmap.local_costmap";"1761259297.552153670";"./src/clear_costmap_service.cpp:clearEntireCallback:95"
"[compute_path_to_pose] [ActionServer] Aborting handle.";"30";"planner_server";"1761259297.533182153";"/opt/ros/humble/include/nav2_util/simple_action_server.hpp:warn_msg:605"
"Planning algorithm GridBased failed to generate a valid path to (8.00, 0.00)";"30";"planner_server";"1761259297.533143531";"./src/planner_server.cpp:validatePath:341"
"GridBased: failed to create plan with tolerance 0.50.";"30";"planner_server";"1761259297.533015653";"./src/navfn_planner.cpp:createPlan:175"
"Received request to clear entirely the global_costmap";"20";"global_costmap.global_costmap";"1761259297.032135296";"./src/clear_costmap_service.cpp:clearEntireCallback:95"
"[compute_path_to_pose] [ActionServer] Aborting handle.";"30";"planner_server";"1761259297.013207639";"/opt/ros/humble/include/nav2_util/simple_action_server.hpp:warn_msg:605"
"Planning algorithm GridBased failed to generate a valid path to (8.00, 0.00)";"30";"planner_server";"1761259297.013144154";"./src/planner_server.cpp:validatePath:341"
"GridBased: failed to create plan with tolerance 0.50.";"30";"planner_server";"1761259297.012964943";"./src/navfn_planner.cpp:createPlan:175"
"wait completed successfully";"20";"behavior_server";"1761259296.983102445";"./include/nav2_behaviors/timed_behavior.hpp:execute:237"
"Sensor origin at (1.87, 2.24) is out of map bounds (-0.63, -1.86) to (9.70, 1.67). The costmap cannot raytrace for it.";"30";"global_costmap.global_costmap";"1761259292.524260266";"./plugins/obstacle_layer.cpp:raytraceFreespace:629"
"Running wait";"20";"behavior_server";"1761259291.982743734";"./include/nav2_behaviors/timed_behavior.hpp:execute:187"
"spin completed successfully";"20";"behavior_server";"1761259291.954602603";"./include/nav2_behaviors/timed_behavior.hpp:execute:237"
"Begin navigating from current location (2.28, 1.93) to (8.00, 0.00)";"20";"bt_navigator";"1761259291.842372054";"./src/navigators/navigate_to_pose.cpp:initializeGoalPose:213"
"Received goal preemption request";"20";"bt_navigator";"1761259291.842126355";"./src/navigators/navigate_to_pose.cpp:onPreempt:182"
"Enviando goal para navigate_to_pose...";"20";"goal_spawner_node";"1761259291.833841611";"/home/ROS/ros_ws/install/ppo_training/lib/python3.10/site-packages/ppo_training/goal_spawner.py:_send_navigate_action:174"
"spawn_entity: serviço não disponível ou falhou: call_timeout";"30";"goal_spawner_node";"1761259291.833054440";"/home/ROS/ros_ws/install/ppo_training/lib/python3.10/site-packages/ppo_training/goal_spawner.py:spawn_entity:158"
"Sensor origin at (2.42, 1.89) is out of map bounds (-0.63, -1.86) to (9.70, 1.67). The costmap cannot raytrace for it.";"30";"global_costmap.global_costmap";"1761259291.524324504";"./plugins/obstacle_layer.cpp:raytraceFreespace:629"
"Sensor origin at (2.42, 1.89) is out of map bounds (-0.63, -1.86) to (9.70, 1.67). The costmap cannot raytrace for it.";"30";"global_costmap.global_costmap";"1761259290.524357733";"./plugins/obstacle_layer.cpp:raytraceFreespace:629"
"Sensor origin at (2.42, 1.89) is out of map bounds (-0.63, -1.86) to (9.70, 1.67). The costmap cannot raytrace for it.";"30";"global_costmap.global_costmap";"1761259289.524321611";"./plugins/obstacle_layer.cpp:raytraceFreespace:629"
"Sensor origin at (2.42, 1.89) is out of map bounds (-0.63, -1.86) to (9.70, 1.67). The costmap cannot raytrace for it.";"30";"global_costmap.global_costmap";"1761259288.524321039";"./plugins/obstacle_layer.cpp:raytraceFreespace:629"
"Turning 1.57 for spin behavior.";"20";"behavior_server";"1761259287.554310824";"./plugins/spin.cpp:onRun:89"
"Running spin";"20";"behavior_server";"1761259287.554183994";"./include/nav2_behaviors/timed_behavior.hpp:execute:187"
"Received request to clear entirely the global_costmap";"20";"global_costmap.global_costmap";"1761259287.553459959";"./src/clear_costmap_service.cpp:clearEntireCallback:95"
"Received request to clear entirely the local_costmap";"20";"local_costmap.local_costmap";"1761259287.552256610";"./src/clear_costmap_service.cpp:clearEntireCallback:95"
"Robô respawnado via serviço.";"20";"ppo_training_node";"1761259287.536819447";"/home/ROS/ros_ws/install/ppo_training/lib/python3.10/site-packages/ppo_training/env_wrapper.py:reset:653"
"Robô spawnado em (4.00, 0.00)";"20";"robot_spawner";"1761259287.535442614";"/home/ROS/ros_ws/install/ppo_training/lib/python3.10/site-packages/ppo_training/robot_spawner.py:respawn_robot_callback:56"
"[compute_path_to_pose] [ActionServer] Aborting handle.";"30";"planner_server";"1761259287.533521166";"/opt/ros/humble/include/nav2_util/simple_action_server.hpp:warn_msg:605"
"Planning algorithm GridBased failed to generate a valid path to (8.00, 0.00)";"30";"planner_server";"1761259287.533478284";"./src/planner_server.cpp:validatePath:341"
"GridBased: failed to create plan with tolerance 0.50.";"30";"planner_server";"1761259287.533442107";"./src/navfn_planner.cpp:createPlan:175"
"Cannot create a plan: the robot's start position is off the global costmap. Planning will always fail, are you sure the robot has been properly localized?";"30";"planner_server";"1761259287.533409212";"./src/navfn_planner.cpp:makePlan:223"
"worldToMap failed: mx,my: 58,76, size_x,size_y: 207,71";"40";"planner_server";"1761259287.533233075";"./src/navfn_planner.cpp:worldToMap:499"
"Sensor origin at (2.42, 1.89) is out of map bounds (-0.63, -1.86) to (9.70, 1.67). The costmap cannot raytrace for it.";"30";"global_costmap.global_costmap";"1761259287.524271579";"./plugins/obstacle_layer.cpp:raytraceFreespace:629"
"Received request to clear entirely the global_costmap";"20";"global_costmap.global_costmap";"1761259286.852197434";"./src/clear_costmap_service.cpp:clearEntireCallback:95"
"[compute_path_to_pose] [ActionServer] Aborting handle.";"30";"planner_server";"1761259286.833037992";"/opt/ros/humble/include/nav2_util/simple_action_server.hpp:warn_msg:605"
"Planning algorithm GridBased failed to generate a valid path to (8.00, 0.00)";"30";"planner_server";"1761259286.832977859";"./src/planner_server.cpp:validatePath:341"
"GridBased: failed to create plan with tolerance 0.50.";"30";"planner_server";"1761259286.832921219";"./src/navfn_planner.cpp:createPlan:175"
"Cannot create a plan: the robot's start position is off the global costmap. Planning will always fail, are you sure the robot has been properly localized?";"30";"planner_server";"1761259286.832865067";"./src/navfn_planner.cpp:makePlan:223"
"worldToMap failed: mx,my: 58,76, size_x,size_y: 207,71";"40";"planner_server";"1761259286.832722383";"./src/navfn_planner.cpp:worldToMap:499"
"Begin navigating from current location (2.28, 1.93) to (8.00, 0.00)";"20";"bt_navigator";"1761259286.831751812";"./src/navigators/navigate_to_pose.cpp:initializeGoalPose:213"
"Novo goal spawnado e enviado ao Nav2 em (8.00, 0.00)";"20";"goal_spawner_node";"1761259286.831744688";"/home/ROS/ros_ws/install/ppo_training/lib/python3.10/site-packages/ppo_training/goal_spawner.py:spawn_new_goal_callback:119"
"Sensor origin at (2.42, 1.89) is out of map bounds (-0.63, -1.86) to (9.70, 1.67). The costmap cannot raytrace for it.";"30";"global_costmap.global_costmap";"1761259286.524335543";"./plugins/obstacle_layer.cpp:raytraceFreespace:629"
"Going to publish joint [wheel_right_joint]";"20";"turtlebot3_joint_state";"1761259285.944731600";"./src/gazebo_ros_joint_state_publisher.cpp:Load:112"
"Going to publish joint [wheel_left_joint]";"20";"turtlebot3_joint_state";"1761259285.944659176";"./src/gazebo_ros_joint_state_publisher.cpp:Load:112"
"Publishing odom transforms between [odom] and [base_footprint]";"20";"turtlebot3_diff_drive";"1761259285.933166877";"./src/gazebo_ros_diff_drive.cpp:Load:386"
"Advertise odometry on [/odom]";"20";"turtlebot3_diff_drive";"1761259285.931076695";"./src/gazebo_ros_diff_drive.cpp:Load:373"
"Subscribed to [/cmd_vel]";"20";"turtlebot3_diff_drive";"1761259285.929344305";"./src/gazebo_ros_diff_drive.cpp:Load:357"
"Wheel pair 1 diameter set to [0.066000m]";"20";"turtlebot3_diff_drive";"1761259285.928305570";"./src/gazebo_ros_diff_drive.cpp:Load:335"
"Wheel pair 1 separation set to [0.160000m]";"20";"turtlebot3_diff_drive";"1761259285.928222320";"./src/gazebo_ros_diff_drive.cpp:Load:319"
"<initial_orientation_as_reference> is unset, using default value of false to comply with REP 145 (world as orientation reference)";"20";"turtlebot3_imu";"1761259285.723374303";"./src/gazebo_ros_imu_sensor.cpp:Load:77"
"Publishing contact states to [/bumper_states]";"20";"bumper_plugin";"1761259285.710655329";"./src/gazebo_ros_bumper.cpp:Load:94"
"Sensor origin at (2.42, 1.89) is out of map bounds (-0.63, -1.86) to (9.70, 1.67). The costmap cannot raytrace for it.";"30";"global_costmap.global_costmap";"1761259285.524370456";"./plugins/obstacle_layer.cpp:raytraceFreespace:629"
"Sensor origin at (2.42, 1.89) is out of map bounds (-0.63, -1.86) to (9.70, 1.67). The costmap cannot raytrace for it.";"30";"global_costmap.global_costmap";"1761259284.524330363";"./plugins/obstacle_layer.cpp:raytraceFreespace:629"
"Sensor origin at (2.42, 1.89) is out of map bounds (-0.63, -1.86) to (9.70, 1.67). The costmap cannot raytrace for it.";"30";"global_costmap.global_costmap";"1761259283.524343144";"./plugins/obstacle_layer.cpp:raytraceFreespace:629"
"Robô respawnado via serviço.";"20";"ppo_training_node";"1761259282.826823780";"/home/ROS/ros_ws/install/ppo_training/lib/python3.10/site-packages/ppo_training/env_wrapper.py:reset:653"
"Robô spawnado em (4.00, 0.00)";"20";"robot_spawner";"1761259282.825404554";"/home/ROS/ros_ws/install/ppo_training/lib/python3.10/site-packages/ppo_training/robot_spawner.py:respawn_robot_callback:56"
"Sensor origin at (2.42, 1.89) is out of map bounds (-0.63, -1.86) to (9.70, 1.67). The costmap cannot raytrace for it.";"30";"global_costmap.global_costmap";"1761259282.524330228";"./plugins/obstacle_layer.cpp:raytraceFreespace:629"
"Going to publish joint [wheel_right_joint]";"20";"turtlebot3_joint_state";"1761259281.195936842";"./src/gazebo_ros_joint_state_publisher.cpp:Load:112"
"Going to publish joint [wheel_left_joint]";"20";"turtlebot3_joint_state";"1761259281.195873916";"./src/gazebo_ros_joint_state_publisher.cpp:Load:112"
"Publishing odom transforms between [odom] and [base_footprint]";"20";"turtlebot3_diff_drive";"1761259281.185077091";"./src/gazebo_ros_diff_drive.cpp:Load:386"
"Advertise odometry on [/odom]";"20";"turtlebot3_diff_drive";"1761259281.183510572";"./src/gazebo_ros_diff_drive.cpp:Load:373"
"Subscribed to [/cmd_vel]";"20";"turtlebot3_diff_drive";"1761259281.182126616";"./src/gazebo_ros_diff_drive.cpp:Load:357"
"Wheel pair 1 diameter set to [0.066000m]";"20";"turtlebot3_diff_drive";"1761259281.180574904";"./src/gazebo_ros_diff_drive.cpp:Load:335"
"Wheel pair 1 separation set to [0.160000m]";"20";"turtlebot3_diff_drive";"1761259281.180450798";"./src/gazebo_ros_diff_drive.cpp:Load:319"
"<initial_orientation_as_reference> is unset, using default value of false to comply with REP 145 (world as orientation reference)";"20";"turtlebot3_imu";"1761259280.973145861";"./src/gazebo_ros_imu_sensor.cpp:Load:77"
"Publishing contact states to [/bumper_states]";"20";"bumper_plugin";"1761259280.961339634";"./src/gazebo_ros_bumper.cpp:Load:94"
"Message Filter dropping message: frame 'base_scan' at time 460.954 for reason 'the timestamp on the message is earlier than all the data in the transform cache'";"20";"global_costmap.global_costmap";"1761259278.917790342";"/opt/ros/humble/include/tf2_ros/tf2_ros/message_filter.hpp:signalFailure:706"
"Message Filter dropping message: frame 'base_scan' at time 460.954 for reason 'the timestamp on the message is earlier than all the data in the transform cache'";"20";"local_costmap.local_costmap";"1761259278.917790342";"/opt/ros/humble/include/tf2_ros/tf2_ros/message_filter.hpp:signalFailure:706"
